area_sqft,bedrooms,bathrooms,age_years,floors,garage,distance_from_city_km,condition,location,has_garden,has_pool,parking,year_built,price_inr
3674,6,4.0,22,2.0,3.0,22.3,4.0,Suburban,1,1,1,2004,56707000
4007,6,4.0,21,1.5,0.0,20.0,5.0,,0,0,0,2005,55874000
1360,2,1.0,3,2.5,2.0,24.9,,Urban,0,0,1,2023,21074000
1794,2,2.0,33,1.0,2.0,20.7,3.0,Urban,1,0,0,1993,24797000
1630,4,3.0,5,1.0,3.0,16.3,3.0,Suburban,0,1,1,2021,28868000
1595,2,1.0,27,2.0,3.0,7.5,2.0,Urban,0,0,1,1999,27654000
4272,6,4.0,30,2.0,2.0,22.4,5.0,Suburban,0,0,1,1996,58299000
3592,6,4.0,34,1.0,1.0,14.5,5.0,Urban,1,1,1,1992,49578000
2138,4,3.0,38,1.5,1.0,9.2,4.0,Rural,1,0,1,1988,34025000
2669,4,3.0,41,3.0,1.0,24.2,4.0,Rural,1,0,1,1985,35714000
966,3,2.0,22,1.0,2.0,21.1,3.0,Rural,1,0,1,2004,18886000
1738,3,3.0,5,2.0,2.0,28.2,4.0,Suburban,1,1,1,2021,30694000
830,1,1.0,15,2.0,2.0,5.4,2.0,Urban,0,0,1,2011,15135000
1982,3,2.0,1,1.5,1.0,19.7,3.0,Suburban,0,0,1,2025,31625000
2635,5,4.0,23,3.0,1.0,7.7,5.0,Urban,1,0,1,2003,40123000
3944,5,4.0,16,2.0,1.0,27.2,3.0,Rural,0,0,1,2010,51938000
3671,6,4.0,44,2.0,0.0,3.4,1.0,Urban,0,1,0,1982,49528000
3419,5,3.0,0,2.0,,19.9,3.0,Suburban,1,0,1,2026,48512000
4235,6,4.0,5,2.0,0.0,23.8,4.0,Suburban,1,0,1,2021,59967000
630,2,2.0,4,2.0,2.0,11.0,2.0,Rural,1,1,1,2022,15543000
2185,4,4.0,44,2.5,1.0,28.6,5.0,Suburban,1,0,1,1982,29411000
3880,5,4.0,49,1.5,1.0,25.6,5.0,Suburban,1,0,1,1977,50774000
1269,3,2.0,28,1.0,3.0,9.2,4.0,Suburban,1,0,1,1998,21066000
2891,4,3.0,11,1.0,1.0,0.7,4.0,Suburban,1,0,1,2015,43400000
2015,5,4.0,38,1.0,0.0,9.3,4.0,Urban,0,0,1,1988,28573000
3985,5,4.0,46,1.0,1.0,8.8,1.0,Rural,1,0,0,1980,51733000
3353,5,4.0,2,2.5,0.0,26.8,2.0,Suburban,1,0,1,2024,45435000
2933,4,2.0,47,2.0,0.0,29.0,1.0,Urban,1,0,1,1979,38382000
1715,5,4.0,0,2.0,0.0,2.6,4.0,Rural,1,0,1,2026,31661000
1455,1,2.0,26,2.0,1.0,14.4,2.0,Suburban,1,0,0,2000,18706000
2824,5,4.0,47,2.5,1.0,16.7,4.0,,1,0,0,1979,39220000
1684,2,1.0,23,2.0,1.0,3.2,2.0,Rural,0,0,0,2003,22678000
959,1,1.0,43,2.5,2.0,11.6,5.0,Rural,1,0,1,1983,13237000
3885,6,4.0,18,1.5,1.0,9.9,1.0,Urban,1,1,1,2008,53117000
521,2,1.0,7,3.0,2.0,16.3,4.0,Urban,1,1,0,2019,14094000
2800,6,3.0,43,2.0,1.0,20.0,4.0,Rural,1,0,0,1983,37181000
1247,1,1.0,46,1.0,1.0,21.3,3.0,Rural,0,1,1,1980,16092000
3404,5,4.0,1,2.0,2.0,4.5,5.0,Suburban,0,1,1,2025,51106000
4132,6,4.0,29,2.0,0.0,24.5,4.0,Suburban,1,0,1,1997,56848000
974,1,2.0,29,1.0,0.0,20.5,1.0,Urban,1,0,1,1997,16154000
1582,3,3.0,48,2.0,,26.7,5.0,Rural,0,1,0,1978,20879000
3058,5,3.0,38,1.0,1.0,13.8,4.0,Urban,1,0,1,1988,42785000
4253,6,4.0,44,1.0,2.0,26.9,1.0,Urban,1,0,1,1982,54209000
2547,3,2.0,31,3.0,2.0,26.0,3.0,Suburban,1,0,1,1995,33447000
4047,5,3.0,0,2.0,1.0,13.4,3.0,Urban,1,0,1,2026,54364000
3247,3,2.0,37,2.5,1.0,11.7,1.0,Rural,1,0,1,1989,38167000
1475,3,1.0,12,2.0,1.0,28.0,5.0,Urban,1,0,1,2014,23978000
2306,5,4.0,10,1.5,3.0,21.6,1.0,Urban,0,0,1,2016,36304000
689,1,1.0,9,2.0,2.0,27.9,1.0,Suburban,0,0,0,2017,12339000
3505,5,4.0,47,2.0,2.0,24.0,3.0,Suburban,1,1,1,1979,46493000
3234,4,3.0,25,3.0,1.0,18.5,3.0,Urban,1,0,1,2001,43532000
3505,6,4.0,19,1.0,2.0,3.9,3.0,Suburban,1,0,1,2007,50733000
1062,1,2.0,16,2.5,1.0,9.1,4.0,Suburban,1,0,1,2010,18006000
2399,3,3.0,16,3.0,1.0,29.1,4.0,Rural,1,0,1,2010,35810000
4138,6,4.0,3,2.0,,9.9,2.0,Urban,1,1,0,2023,58432000
1767,3,2.0,4,3.0,0.0,3.3,4.0,Rural,1,0,0,2022,24548000
3379,5,,22,1.5,3.0,21.4,,Suburban,1,0,1,2004,49408000
2028,3,2.0,45,3.0,0.0,22.2,5.0,Urban,1,0,1,1981,26321000
3702,5,3.0,9,2.0,2.0,8.9,3.0,Urban,1,0,0,2017,50290000
4056,6,,45,1.0,1.0,9.3,1.0,Suburban,0,0,1,1981,51571000
4390,6,4.0,27,2.5,1.0,14.3,3.0,Urban,1,0,1,1999,59989000
1146,2,1.0,32,2.0,1.0,1.1,1.0,Urban,1,0,1,1994,19372000
2568,4,2.0,42,2.0,1.0,23.8,3.0,Urban,1,0,1,1984,33845000
3388,6,4.0,25,2.0,1.0,9.9,3.0,Suburban,0,1,0,2001,51188000
2714,3,3.0,49,1.0,2.0,25.7,5.0,Suburban,1,0,1,1977,33996000
1797,2,2.0,47,2.0,0.0,24.2,1.0,Urban,1,0,1,1979,23117000
2935,5,4.0,28,2.5,0.0,20.0,2.0,Suburban,1,0,0,1998,42387000
1100,3,2.0,26,1.0,0.0,10.1,2.0,Suburban,0,1,1,2000,20165000
2863,4,2.0,17,1.0,1.0,15.7,3.0,Urban,1,0,0,2009,35209000
2561,5,3.0,39,1.0,2.0,13.6,3.0,Rural,1,1,1,1987,41584000
741,1,1.0,9,1.5,2.0,10.5,5.0,Suburban,1,0,1,2017,14939000
2541,3,1.0,41,2.0,1.0,25.5,1.0,Rural,1,0,1,1985,31955000
3324,4,3.0,4,2.0,1.0,14.8,3.0,Urban,0,0,1,2022,46829000
3917,6,4.0,9,3.0,2.0,25.1,2.0,Rural,1,0,1,2017,57929000
3112,4,2.0,49,2.0,1.0,3.6,1.0,Suburban,1,0,1,1977,42867000
3445,5,3.0,20,1.0,1.0,4.7,3.0,,1,0,0,2006,51600000
1863,4,3.0,23,3.0,1.0,29.3,1.0,Suburban,1,0,0,2003,28298000
2639,4,3.0,37,2.0,0.0,17.8,5.0,Urban,1,1,0,1989,40799000
1890,4,3.0,2,2.0,0.0,15.5,2.0,Rural,1,0,1,2024,26967000
3503,4,3.0,39,2.0,1.0,15.9,1.0,Suburban,1,0,1,1987,45163000
1978,3,3.0,30,3.0,,6.9,2.0,Urban,0,0,1,1996,31730000
3999,5,4.0,40,2.0,0.0,21.7,3.0,Urban,1,0,1,1986,54135000
3056,5,4.0,36,1.5,1.0,3.0,4.0,Urban,0,0,0,1990,43979000
1275,3,2.0,1,2.0,1.0,17.4,1.0,Suburban,0,0,1,2025,19663000
534,1,1.0,1,1.0,0.0,17.3,2.0,Suburban,0,0,1,2025,12640000
2753,5,3.0,38,1.5,1.0,27.5,1.0,Suburban,0,0,1,1988,38634000
3652,5,3.0,48,1.5,2.0,16.0,3.0,Urban,1,0,1,1978,51194000
2455,4,3.0,41,1.0,0.0,4.5,3.0,Suburban,1,0,0,1985,34486000
2085,3,2.0,43,1.0,2.0,17.4,2.0,Suburban,0,0,1,1983,27903000
4443,6,4.0,33,1.0,1.0,3.2,5.0,Urban,1,0,0,1993,63364000
3959,6,,41,2.0,2.0,6.5,1.0,Urban,1,1,0,1985,56702000
3573,6,4.0,19,2.5,1.0,1.4,1.0,Urban,1,0,1,2007,49640000
1521,1,1.0,32,3.0,1.0,15.6,3.0,,0,1,0,1994,21969000
3961,5,3.0,3,1.0,2.0,3.0,1.0,Suburban,0,0,0,2023,55091000
3113,4,3.0,44,2.0,1.0,14.3,2.0,Rural,0,0,1,1982,38714000
1629,2,3.0,43,3.0,2.0,28.0,4.0,Urban,0,0,1,1983,26190000
4343,6,4.0,10,1.0,1.0,21.7,3.0,Rural,1,0,1,2016,59710000
4393,6,4.0,41,2.0,3.0,2.8,4.0,Suburban,1,0,0,1985,59274000
2000,2,1.0,46,2.0,2.0,7.1,,Suburban,0,1,1,1980,24718000
1202,1,1.0,4,1.0,3.0,20.4,5.0,Urban,1,0,1,2022,22730000
2949,6,4.0,24,2.5,1.0,26.9,2.0,Suburban,1,0,1,2002,45809000
3277,4,3.0,48,2.5,1.0,1.5,1.0,Rural,1,1,1,1978,43918000
2079,4,3.0,36,1.0,2.0,24.5,2.0,Urban,0,0,0,1990,30790000
661,1,1.0,33,1.0,2.0,17.1,1.0,Urban,1,1,1,1993,10324000
701,1,1.0,8,1.0,3.0,16.6,1.0,Suburban,1,1,1,2018,14118000
2481,4,3.0,5,1.0,1.0,28.8,1.0,Rural,0,0,1,2021,33635000
1495,2,1.0,17,2.0,2.0,22.6,3.0,Suburban,1,0,0,2009,21090000
2817,5,3.0,13,2.0,1.0,25.6,4.0,Urban,1,0,0,2013,42625000
4434,6,4.0,18,1.0,1.0,10.9,5.0,Suburban,1,0,1,2008,62113000
1315,3,2.0,13,2.5,1.0,16.9,4.0,Urban,1,0,1,2013,23123000
3842,6,4.0,39,1.5,1.0,18.7,4.0,Rural,1,0,1,1987,51439000
955,2,2.0,16,1.0,3.0,10.0,2.0,Suburban,0,0,1,2010,20508000
4033,6,4.0,34,1.0,0.0,17.3,3.0,Suburban,0,1,1,1992,53654000
4298,6,4.0,28,2.0,2.0,7.5,3.0,,1,0,0,1998,57543000
1775,2,2.0,41,1.5,1.0,4.7,1.0,Rural,1,0,1,1985,21101000
1516,2,2.0,16,1.0,0.0,11.5,4.0,Suburban,0,0,1,2010,23595000
4273,6,,42,1.0,1.0,22.3,5.0,Rural,1,0,1,1984,51766000
2843,6,4.0,7,2.5,1.0,27.5,2.0,Suburban,1,0,0,2019,41048000
4296,6,4.0,0,3.0,1.0,14.0,3.0,Rural,0,0,0,2026,57280000
3267,5,4.0,44,1.0,2.0,19.5,1.0,Rural,1,0,1,1982,42360000
4320,6,4.0,35,1.5,3.0,3.5,5.0,Urban,1,0,1,1991,60827000
837,1,1.0,6,2.0,1.0,27.2,4.0,Rural,1,1,1,2020,16252000
1378,4,3.0,45,2.0,1.0,17.3,5.0,Urban,1,0,1,1981,24626000
1576,2,1.0,4,1.5,1.0,23.5,3.0,Suburban,0,0,1,2022,25792000
1291,1,1.0,23,2.5,2.0,23.9,2.0,Rural,1,1,1,2003,18724000
4493,6,4.0,27,2.0,1.0,8.1,4.0,,1,1,1,1999,62266000
2764,2,2.0,42,2.0,0.0,16.1,2.0,Suburban,1,0,1,1984,36856000
1263,2,2.0,16,2.0,1.0,28.8,5.0,Suburban,0,0,1,2010,17722000
2735,4,3.0,36,3.0,3.0,3.1,5.0,Suburban,1,0,1,1990,42056000
879,1,2.0,19,2.0,1.0,20.6,1.0,Rural,1,0,1,2007,13509000
992,2,2.0,2,1.0,1.0,28.9,4.0,Suburban,0,0,1,2024,18476000
3612,6,4.0,36,1.0,3.0,9.4,5.0,Rural,1,0,0,1990,50852000
1680,1,1.0,25,2.0,,25.9,3.0,Urban,1,0,1,2001,24750000
2562,3,2.0,14,1.0,2.0,28.0,3.0,Urban,0,0,1,2012,36542000
4384,4,3.0,50,2.0,1.0,22.5,2.0,Suburban,1,0,0,1976,52954000
564,1,1.0,47,2.5,3.0,7.3,3.0,Suburban,0,0,1,1979,9095000
4428,6,4.0,7,2.0,2.0,10.4,5.0,Urban,0,0,1,2019,66413000
4410,6,4.0,12,3.0,2.0,1.6,3.0,Suburban,0,0,1,2014,62864000
3068,5,3.0,47,1.0,2.0,25.0,4.0,Urban,0,1,1,1979,45226000
1867,2,2.0,2,2.5,2.0,25.6,2.0,Suburban,0,0,1,2024,27207000
1652,2,2.0,0,2.0,1.0,19.2,4.0,Urban,1,0,1,2026,27627000
2527,4,2.0,8,1.5,1.0,10.9,5.0,Suburban,0,0,1,2018,38658000
3195,4,2.0,30,2.0,2.0,2.8,5.0,Suburban,1,0,0,1996,47137000
1995,3,2.0,40,1.0,1.0,22.7,3.0,Rural,1,0,1,1986,26146000
3634,5,3.0,25,2.0,1.0,21.9,1.0,Suburban,1,0,1,2001,49364000
1662,2,2.0,16,2.0,1.0,27.4,1.0,Suburban,1,0,1,2010,25089000
2022,3,2.0,33,1.0,2.0,22.1,5.0,Rural,1,0,1,1993,30281000
3140,4,3.0,8,2.0,0.0,24.9,5.0,Suburban,1,1,0,2018,45467000
891,2,2.0,50,2.0,2.0,22.5,2.0,Urban,0,0,1,1976,16291000
2198,3,3.0,12,1.0,2.0,19.1,5.0,Rural,1,0,1,2014,30117000
918,1,1.0,4,1.0,1.0,13.1,5.0,Suburban,1,0,0,2022,14954000
2836,4,3.0,40,1.5,1.0,27.1,2.0,Suburban,0,0,0,1986,37860000
878,1,2.0,12,2.0,1.0,19.7,4.0,Suburban,1,0,1,2014,17088000
2296,4,3.0,0,2.5,1.0,12.3,4.0,Rural,1,0,1,2026,34928000
4061,6,4.0,24,3.0,1.0,3.0,2.0,Rural,0,0,0,2002,53840000
2778,6,4.0,46,2.0,,9.1,2.0,Rural,1,0,1,1980,37245000
3565,5,4.0,3,2.0,3.0,16.5,4.0,Urban,1,0,1,2023,51327000
2588,4,2.0,35,1.5,0.0,8.6,4.0,Suburban,1,0,0,1991,35894000
3599,5,4.0,9,2.0,2.0,7.0,4.0,,1,0,1,2017,50193000
2682,5,4.0,27,1.0,1.0,16.1,4.0,Urban,1,0,1,1999,42066000
700,1,1.0,5,1.5,2.0,5.5,3.0,Rural,0,1,0,2021,14740000
2363,3,2.0,26,2.0,1.0,24.1,2.0,Urban,1,0,1,2000,35599000
1279,3,3.0,11,1.0,2.0,14.8,1.0,Suburban,0,0,1,2015,21212000
3477,5,3.0,47,2.0,2.0,17.4,3.0,Suburban,1,0,1,1979,46646000
3604,6,4.0,2,2.5,2.0,4.8,1.0,Suburban,0,0,1,2024,51966000
3619,6,4.0,45,1.5,0.0,10.1,1.0,Urban,0,0,1,1981,47105000
1002,2,1.0,32,1.5,2.0,12.6,5.0,Urban,1,0,1,1994,16028000
2954,4,3.0,9,2.5,1.0,24.3,2.0,Suburban,1,0,1,2017,39975000
4145,6,4.0,30,2.0,0.0,23.2,3.0,Urban,0,0,1,1996,55306000
2251,3,3.0,14,1.0,1.0,7.1,2.0,Rural,1,1,1,2012,31447000
1304,3,2.0,6,1.0,1.0,18.7,4.0,Rural,1,0,1,2020,23962000
2646,3,,35,2.0,1.0,7.7,2.0,Suburban,0,0,1,1991,34113000
3231,5,4.0,13,2.0,2.0,29.7,,Rural,0,0,0,2013,44169000
2395,3,3.0,47,1.0,1.0,28.6,4.0,Urban,1,0,1,1979,34067000
3273,4,3.0,13,1.0,1.0,17.1,2.0,Suburban,1,0,0,2013,46837000
2070,3,3.0,2,2.5,0.0,21.1,2.0,Urban,1,0,1,2024,33242000
1460,1,1.0,48,2.0,2.0,24.1,1.0,Suburban,1,0,1,1978,18333000
4310,6,4.0,45,3.0,1.0,21.8,4.0,Suburban,1,0,1,1981,60955000
3160,4,3.0,49,2.0,1.0,21.1,1.0,Urban,0,0,1,1977,38871000
1985,3,2.0,2,3.0,2.0,28.8,2.0,Urban,0,0,1,2024,28999000
3190,6,4.0,21,1.0,1.0,18.1,3.0,Suburban,1,0,0,2005,45696000
4340,6,4.0,18,2.0,1.0,19.3,3.0,Suburban,1,0,1,2008,59486000
1528,1,1.0,34,1.0,1.0,25.6,5.0,Urban,0,0,1,1992,23411000
3789,5,4.0,11,2.0,2.0,20.3,3.0,Suburban,0,0,1,2015,52979000
1002,1,1.0,4,2.0,2.0,22.1,4.0,Suburban,1,0,1,2022,18713000
3314,3,3.0,9,1.0,1.0,7.4,5.0,Suburban,0,0,1,2017,48241000
897,2,1.0,40,2.5,0.0,11.5,4.0,Suburban,1,0,0,1986,14951000
1370,2,2.0,32,2.5,1.0,4.8,3.0,Urban,0,0,1,1994,23122000
3342,6,4.0,12,1.0,2.0,15.4,3.0,Suburban,1,0,1,2014,47040000
892,1,1.0,34,2.0,2.0,13.9,2.0,,1,1,0,1992,12761000
706,1,1.0,50,1.5,1.0,29.9,4.0,Suburban,0,0,1,1976,11659000
1538,2,2.0,31,1.5,1.0,18.5,1.0,Suburban,1,0,1,1995,21752000
2381,4,4.0,10,2.5,2.0,23.7,,Suburban,1,0,0,2016,35970000
4125,6,4.0,47,1.0,2.0,10.4,4.0,Urban,1,0,1,1979,55231000
3439,6,4.0,37,3.0,2.0,25.0,5.0,Suburban,1,0,1,1989,48398000
1984,4,3.0,23,1.0,2.0,18.6,4.0,Rural,1,0,0,2003,29885000
4262,6,4.0,34,2.0,2.0,21.1,5.0,Urban,1,0,1,1992,58842000
4146,6,4.0,18,2.0,0.0,9.2,5.0,Rural,1,0,1,2008,55653000
1363,2,2.0,5,1.0,0.0,16.7,3.0,Urban,1,0,0,2021,20892000
3290,5,3.0,39,1.0,0.0,19.2,1.0,Suburban,1,1,1,1987,42994000
3812,5,3.0,44,2.5,2.0,17.9,4.0,Rural,1,0,1,1982,49842000
1063,2,3.0,43,2.0,0.0,27.5,1.0,Rural,0,0,1,1983,13179000
1520,2,2.0,41,1.0,1.0,27.0,5.0,Rural,0,0,1,1985,23418000
595,2,1.0,34,2.0,1.0,29.1,3.0,Rural,0,1,1,1992,12167000
2423,4,3.0,3,1.0,1.0,20.2,1.0,Suburban,1,0,1,2023,35680000
2257,4,3.0,32,1.0,2.0,29.2,2.0,Suburban,1,0,1,1994,35004000
3032,5,3.0,12,2.0,1.0,25.1,5.0,Urban,1,0,0,2014,44691000
3978,6,4.0,35,1.0,1.0,8.5,2.0,Urban,0,1,1,1991,55970000
2778,4,3.0,42,2.5,2.0,13.1,1.0,Suburban,0,0,0,1984,37659000
3296,6,4.0,18,2.0,0.0,7.5,1.0,Suburban,1,0,0,2008,47107000
2178,2,2.0,42,3.0,2.0,0.6,1.0,Suburban,1,0,1,1984,28533000
3742,5,4.0,11,2.0,2.0,6.0,,Rural,0,0,1,2015,51745000
1040,2,1.0,10,3.0,3.0,0.6,5.0,Suburban,1,0,1,2016,19472000
1559,3,2.0,5,2.0,2.0,21.7,5.0,Urban,1,0,1,2021,28186000
3072,4,4.0,11,2.0,1.0,13.1,5.0,Suburban,0,0,0,2015,44524000
1683,2,2.0,26,3.0,1.0,9.7,4.0,Suburban,1,0,1,2000,22660000
4410,6,4.0,40,2.0,0.0,23.0,1.0,Suburban,1,0,1,1986,58004000
2222,3,3.0,24,1.0,1.0,25.1,1.0,Rural,1,0,1,2002,29884000
3814,5,3.0,41,2.0,0.0,29.3,2.0,Suburban,0,0,0,1985,51640000
3657,6,4.0,2,2.5,1.0,19.4,4.0,Rural,0,0,0,2024,53261000
2319,4,3.0,2,2.0,2.0,14.1,3.0,Suburban,0,0,1,2024,37597000
3125,6,4.0,19,2.0,1.0,9.5,4.0,Suburban,0,0,1,2007,43748000
3229,4,3.0,27,2.0,1.0,7.1,2.0,Suburban,1,1,0,1999,47187000
3104,4,3.0,22,3.0,1.0,6.8,2.0,Urban,0,1,0,2004,44499000
2097,3,2.0,47,1.0,1.0,12.6,2.0,Urban,1,0,1,1979,27613000
3560,5,4.0,2,2.0,3.0,29.8,1.0,Urban,1,0,1,2024,46637000
3193,5,3.0,41,1.0,1.0,0.5,,Suburban,1,0,1,1985,46241000
1295,3,2.0,23,2.0,2.0,6.3,2.0,Urban,1,0,1,2003,21837000
1551,2,2.0,42,2.0,1.0,6.1,5.0,Rural,1,0,1,1984,22452000
2143,3,3.0,39,1.0,0.0,21.7,1.0,Suburban,0,0,1,1987,28466000
4127,6,4.0,5,1.0,1.0,10.9,3.0,Suburban,0,0,0,2021,60422000
1863,4,2.0,19,2.0,2.0,14.0,5.0,Urban,0,0,1,2007,30108000
4369,6,4.0,10,1.0,0.0,4.9,3.0,Urban,0,0,1,2016,60445000
2481,4,2.0,31,1.0,0.0,12.4,3.0,Urban,0,0,1,1995,36497000
1854,2,2.0,26,2.5,1.0,3.5,5.0,Suburban,0,1,1,2000,28841000
2163,4,4.0,20,1.0,2.0,16.2,4.0,Suburban,1,0,1,2006,31949000
2029,4,3.0,43,2.0,2.0,3.4,3.0,Suburban,1,0,1,1983,26381000
2538,4,2.0,47,3.0,1.0,23.8,4.0,Suburban,0,0,1,1979,37031000
3919,5,4.0,49,1.0,1.0,17.2,3.0,Suburban,1,0,1,1977,51794000
1996,2,2.0,12,1.5,2.0,21.9,5.0,Urban,0,1,1,2014,32861000
3802,4,2.0,21,2.0,2.0,12.8,3.0,Suburban,1,0,1,2005,50502000
2737,2,2.0,34,2.0,2.0,11.8,2.0,Suburban,1,0,1,1992,37688000
3796,6,4.0,46,2.5,2.0,3.4,2.0,Suburban,1,0,0,1980,50580000
1908,3,2.0,21,2.5,2.0,16.0,3.0,Urban,0,0,1,2005,29645000
1900,2,2.0,27,2.0,1.0,15.7,5.0,Suburban,0,0,1,1999,28048000
1806,2,1.0,20,1.0,2.0,14.3,5.0,Urban,0,0,1,2006,29658000
3180,5,4.0,45,1.0,3.0,22.3,1.0,Rural,1,0,1,1981,42781000
3175,5,3.0,17,1.5,0.0,25.1,5.0,Suburban,1,1,1,2009,45165000
1472,1,1.0,30,1.0,0.0,22.6,4.0,Rural,1,0,1,1996,20593000
2268,4,3.0,45,2.0,3.0,4.7,3.0,Suburban,1,0,1,1981,32560000
1782,3,3.0,36,2.0,1.0,18.9,2.0,Urban,1,1,1,1990,26310000
3930,6,4.0,20,1.0,2.0,2.9,5.0,Suburban,1,0,1,2006,57156000
1209,3,3.0,13,2.5,1.0,21.0,2.0,Urban,1,0,1,2013,22048000
1979,2,2.0,24,1.0,0.0,11.8,1.0,Rural,0,0,0,2002,22995000
1934,4,4.0,26,1.5,0.0,4.4,3.0,Rural,1,0,0,2000,27746000
1148,2,2.0,39,2.0,1.0,25.9,5.0,Suburban,0,1,1,1987,20448000
817,2,1.0,22,1.5,1.0,18.6,2.0,Suburban,0,0,1,2004,14169000
4248,6,4.0,30,1.5,1.0,11.0,5.0,Suburban,0,0,1,1996,58933000
3796,5,3.0,46,1.0,2.0,1.4,1.0,Rural,1,0,0,1980,51843000
4390,6,4.0,28,1.5,3.0,16.4,2.0,Urban,1,0,1,1998,61930000
1757,3,3.0,46,2.0,1.0,27.7,2.0,Suburban,0,0,1,1980,23729000
1183,2,1.0,29,2.5,1.0,18.1,3.0,Suburban,1,1,1,1997,19033000
1163,2,1.0,50,1.5,1.0,29.2,3.0,Rural,1,1,1,1976,14936000
2498,4,3.0,25,1.5,1.0,4.5,2.0,Rural,1,0,1,2001,34047000
4398,6,4.0,19,2.0,1.0,17.3,3.0,Rural,1,0,1,2007,56140000
3945,6,4.0,37,3.0,0.0,24.0,2.0,Suburban,1,0,1,1989,50609000
4243,6,4.0,18,1.0,0.0,16.0,4.0,Urban,1,0,1,2008,60098000
2131,2,2.0,26,1.5,0.0,3.2,5.0,Suburban,0,0,1,2000,33355000
1995,4,3.0,24,2.0,0.0,17.7,4.0,Suburban,0,0,1,2002,30065000
3804,6,4.0,39,2.0,2.0,18.5,4.0,Suburban,1,0,0,1987,51069000
4263,6,4.0,37,1.0,1.0,22.0,5.0,Urban,0,1,1,1989,53016000
1636,3,2.0,22,2.0,2.0,23.0,2.0,Suburban,0,0,0,2004,27156000
2353,2,2.0,28,1.0,3.0,23.2,2.0,Urban,1,0,0,1998,30046000
2020,3,2.0,14,2.0,3.0,20.1,,Rural,0,0,1,2012,26646000
2989,6,4.0,2,2.0,3.0,6.9,1.0,Urban,0,1,0,2024,45938000
1063,2,1.0,9,2.5,1.0,12.4,2.0,Suburban,1,0,1,2017,18260000
1791,3,3.0,14,2.0,1.0,23.4,5.0,Urban,1,0,1,2012,29532000
4081,6,4.0,15,1.0,1.0,28.6,1.0,Urban,1,0,1,2011,54006000
4378,6,4.0,16,1.0,2.0,2.8,5.0,Rural,1,0,1,2010,61349000
3957,6,4.0,18,2.5,2.0,16.3,5.0,Urban,1,0,1,2008,56473000
3958,6,4.0,10,1.0,2.0,9.7,5.0,Urban,1,0,1,2016,56786000
3684,6,4.0,47,1.5,1.0,7.1,1.0,Urban,0,0,1,1979,48955000
2136,4,3.0,4,1.0,2.0,15.4,4.0,Suburban,0,0,1,2022,32173000
4196,6,4.0,4,2.0,0.0,18.4,5.0,Suburban,1,0,0,2022,56838000
3499,6,4.0,13,2.0,0.0,0.8,3.0,Urban,1,0,1,2013,49152000
3652,5,4.0,49,1.5,2.0,23.5,2.0,Suburban,1,1,1,1977,47271000
1198,2,1.0,25,1.5,1.0,24.7,2.0,Urban,1,0,1,2001,19436000
2660,3,3.0,7,2.5,3.0,29.0,2.0,Rural,0,0,0,2019,37363000
501,1,1.0,4,2.0,0.0,5.8,1.0,Rural,1,0,1,2022,9337000
1141,3,2.0,6,2.0,2.0,18.0,3.0,Rural,1,0,0,2020,19297000
2767,4,4.0,15,2.5,1.0,13.1,3.0,Rural,1,0,1,2011,41733000
2089,2,2.0,13,2.5,2.0,10.4,3.0,Urban,1,0,1,2013,32971000
1354,2,1.0,36,1.0,2.0,17.2,3.0,Urban,1,1,1,1990,24644000
2259,5,3.0,40,3.0,2.0,23.6,3.0,Suburban,1,0,1,1986,32277000
3796,5,4.0,3,1.0,1.0,1.2,4.0,Urban,1,0,0,2023,52843000
2932,4,3.0,35,1.5,3.0,29.1,3.0,Urban,0,1,1,1991,43603000
3974,6,4.0,47,2.5,1.0,24.4,3.0,Urban,0,0,0,1979,53126000
2161,3,2.0,16,1.0,0.0,22.7,1.0,Suburban,0,0,1,2010,27765000
1653,2,2.0,46,1.0,1.0,22.9,1.0,Suburban,0,1,1,1980,23039000
1576,1,1.0,35,1.0,2.0,12.0,3.0,Urban,1,1,1,1991,22765000
2207,4,3.0,5,2.0,1.0,22.7,4.0,Urban,1,0,1,2021,36349000
3277,5,4.0,15,1.5,2.0,11.9,3.0,Suburban,1,0,0,2011,47775000
2195,2,2.0,28,2.0,2.0,27.0,3.0,Urban,1,0,0,1998,30611000
2233,5,4.0,35,2.5,1.0,5.7,3.0,Rural,1,1,1,1991,31237000
1939,4,3.0,37,2.0,3.0,9.1,5.0,Urban,0,0,1,1989,29487000
2794,4,3.0,36,1.0,0.0,16.8,4.0,Suburban,1,0,1,1990,41138000
1335,3,2.0,47,3.0,2.0,9.9,2.0,,1,0,1,1979,23709000
4010,6,4.0,47,1.0,1.0,13.0,3.0,Urban,1,0,1,1979,58858000
702,1,1.0,9,1.0,1.0,15.0,2.0,Suburban,1,0,0,2017,13289000
3755,5,4.0,40,1.0,1.0,25.8,4.0,Suburban,0,0,1,1986,47809000
622,3,2.0,35,2.0,1.0,15.9,3.0,Rural,1,0,1,1991,14098000
900,1,1.0,28,1.0,1.0,11.2,2.0,Suburban,1,1,1,1998,14660000
1266,2,1.0,13,1.0,1.0,7.8,2.0,,1,0,1,2013,19570000
793,1,1.0,3,1.0,1.0,12.6,4.0,Urban,1,0,0,2023,16545000
2827,6,4.0,43,1.0,1.0,15.7,3.0,Urban,1,1,0,1983,45108000
4408,6,4.0,41,2.0,1.0,22.5,5.0,Urban,0,0,0,1985,59270000
3431,6,4.0,35,2.5,2.0,4.1,4.0,Suburban,0,0,1,1991,49003000
4181,6,4.0,49,2.0,1.0,7.0,5.0,Rural,0,1,0,1977,53629000
697,1,2.0,44,1.0,2.0,11.7,3.0,Suburban,0,0,1,1982,11503000
3529,6,4.0,12,1.0,2.0,11.1,2.0,Suburban,1,1,0,2014,52392000
2430,4,4.0,45,3.0,2.0,12.1,4.0,Suburban,0,0,1,1981,35143000
4082,6,4.0,17,1.0,2.0,23.9,,Rural,1,0,1,2009,55653000
3299,6,4.0,32,2.5,1.0,10.1,4.0,Urban,1,0,1,1994,48699000
2691,4,4.0,20,1.0,2.0,15.3,1.0,Suburban,0,0,1,2006,35719000
1108,3,3.0,15,3.0,0.0,18.9,3.0,Rural,1,1,1,2011,16142000
3772,6,4.0,14,1.0,2.0,7.3,,Urban,1,0,1,2012,53184000
1647,1,2.0,4,1.5,2.0,21.7,4.0,Urban,1,0,1,2022,26128000
686,2,2.0,5,2.0,1.0,16.6,4.0,,1,0,0,2021,15118000
3897,6,4.0,37,2.0,2.0,13.7,5.0,Suburban,0,0,1,1989,58374000
3011,4,4.0,2,1.0,0.0,24.4,1.0,Urban,1,0,1,2024,45021000
3920,5,3.0,47,2.0,1.0,7.7,2.0,Suburban,1,0,0,1979,47441000
2294,3,3.0,11,2.0,0.0,26.6,3.0,Suburban,1,1,1,2015,38951000
1159,2,2.0,35,1.0,2.0,17.1,2.0,Suburban,1,0,1,1991,18804000
3311,4,3.0,32,1.0,2.0,18.5,2.0,Urban,0,0,1,1994,44128000
3502,6,4.0,35,2.0,2.0,26.3,3.0,Urban,0,0,1,1991,51547000
2455,4,3.0,32,1.0,0.0,24.6,4.0,Suburban,1,1,0,1994,30790000
2950,6,4.0,30,2.0,1.0,18.2,5.0,,1,0,1,1996,42576000
1869,2,1.0,20,1.0,2.0,22.7,4.0,Rural,1,0,0,2006,26227000
2486,4,2.0,26,1.5,1.0,13.3,4.0,Urban,0,0,0,2000,36042000
2034,3,1.0,26,1.0,2.0,16.6,1.0,Rural,0,0,1,2000,29299000
646,2,2.0,7,2.0,0.0,2.3,2.0,Urban,0,0,1,2019,16510000
3719,5,3.0,36,1.0,1.0,3.2,2.0,Suburban,0,0,0,1990,50182000
3411,6,4.0,31,1.0,1.0,25.0,2.0,Rural,1,0,1,1995,45083000
2234,2,2.0,25,1.0,2.0,2.3,5.0,Suburban,1,0,0,2001,34318000
2343,2,1.0,1,3.0,0.0,5.5,5.0,Urban,0,0,1,2025,34550000
988,2,2.0,11,1.0,1.0,24.0,5.0,Urban,0,0,0,2015,19652000
3476,4,3.0,21,2.0,1.0,0.5,3.0,Suburban,1,0,1,2005,46969000
2459,3,2.0,16,1.0,1.0,8.8,5.0,Suburban,1,0,1,2010,36592000
2163,3,2.0,6,1.0,1.0,17.7,1.0,Rural,1,0,1,2020,27338000
3098,5,4.0,42,2.0,1.0,18.1,1.0,Suburban,1,0,1,1984,43636000
2885,3,2.0,3,2.0,2.0,23.4,4.0,Rural,1,0,1,2023,39664000
3419,5,4.0,36,3.0,1.0,15.4,4.0,,0,0,0,1990,44741000
1140,3,3.0,37,3.0,2.0,15.5,4.0,Rural,0,0,1,1989,17038000
2302,3,2.0,31,2.0,2.0,21.9,4.0,Urban,1,0,1,1995,33116000
3020,4,3.0,10,2.0,0.0,15.2,1.0,Rural,1,1,1,2016,40354000
2469,4,3.0,0,2.0,0.0,18.5,4.0,Urban,1,1,0,2026,40557000
2698,4,3.0,24,1.5,2.0,27.0,1.0,Rural,1,1,1,2002,36782000
1938,4,2.0,41,3.0,0.0,12.3,5.0,Urban,1,0,0,1985,31496000
3869,5,4.0,23,2.0,0.0,11.9,5.0,Suburban,0,0,0,2003,52689000
2134,3,2.0,42,2.0,0.0,0.6,3.0,Suburban,1,1,0,1984,32165000
762,1,1.0,16,1.0,2.0,18.6,4.0,Rural,1,0,0,2010,12972000
2287,3,3.0,7,1.0,1.0,1.4,5.0,Suburban,1,0,1,2019,35031000
2691,2,1.0,44,3.0,3.0,15.4,5.0,Urban,1,0,1,1982,35800000
2893,4,3.0,26,1.0,2.0,24.2,2.0,Suburban,1,0,0,2000,39483000
1123,3,2.0,17,1.5,1.0,16.7,2.0,Urban,0,1,1,2009,21847000
1516,3,2.0,26,1.0,1.0,8.5,1.0,Urban,1,0,1,2000,22094000
4143,6,4.0,21,2.5,1.0,23.7,3.0,Urban,0,0,1,2005,57186000
1380,1,1.0,15,1.0,1.0,8.5,2.0,Urban,1,0,1,2011,20295000
2549,4,3.0,1,2.5,0.0,22.1,3.0,Suburban,0,0,1,2025,40934000
3444,5,4.0,4,1.0,0.0,18.5,5.0,Rural,0,0,0,2022,48505000
1827,3,2.0,17,2.5,0.0,5.5,1.0,Rural,0,0,1,2009,25835000
2801,4,3.0,2,2.0,1.0,27.2,3.0,Urban,1,0,1,2024,40573000
4223,6,4.0,26,1.0,1.0,6.4,2.0,Urban,1,0,1,2000,59498000
952,1,1.0,16,2.0,3.0,29.7,5.0,Urban,0,0,1,2010,17490000
3608,6,4.0,15,1.0,,0.7,4.0,Urban,1,1,1,2011,53944000
1683,2,2.0,5,1.0,3.0,8.3,5.0,Urban,0,0,0,2021,27949000
3562,5,4.0,50,2.5,1.0,6.4,2.0,Urban,1,0,0,1976,46334000
2556,3,2.0,6,1.5,1.0,0.9,2.0,Suburban,0,0,1,2020,39176000
3804,6,4.0,49,1.5,1.0,22.1,4.0,Suburban,0,0,1,1977,52377000
3670,6,4.0,13,1.0,1.0,21.0,5.0,,0,0,0,2013,51816000
2182,3,2.0,37,1.5,0.0,23.9,3.0,Urban,1,0,1,1989,30192000
3363,5,4.0,39,2.5,3.0,8.1,3.0,Suburban,1,0,1,1987,45793000
2755,4,3.0,14,1.5,3.0,13.6,5.0,Rural,0,0,1,2012,37284000
1654,2,2.0,46,3.0,0.0,19.9,3.0,Urban,0,0,1,1980,21770000
903,1,1.0,46,3.0,,13.5,5.0,Urban,0,0,0,1980,17066000
2699,3,2.0,47,1.0,1.0,21.1,5.0,Urban,0,0,1,1979,35753000
2601,4,4.0,32,1.0,1.0,19.2,2.0,Urban,1,0,0,1994,38656000
3691,6,4.0,42,2.5,1.0,3.9,1.0,Suburban,1,0,1,1984,50027000
2196,4,4.0,26,1.5,0.0,23.5,2.0,Urban,1,0,1,2000,30813000
4491,6,4.0,28,1.0,1.0,21.8,3.0,Suburban,0,0,1,1998,58084000
1127,2,1.0,36,1.0,1.0,19.8,1.0,Urban,1,0,1,1990,16993000
1086,1,1.0,4,2.0,1.0,5.1,5.0,Suburban,0,0,1,2022,16564000
2148,4,4.0,28,2.0,0.0,8.4,3.0,Urban,0,0,1,1998,31233000
1943,2,1.0,31,1.0,1.0,12.1,4.0,Suburban,1,0,1,1995,26514000
1945,2,2.0,5,1.0,3.0,8.8,3.0,Urban,0,1,1,2021,32998000
603,1,1.0,1,3.0,1.0,7.2,1.0,Urban,1,0,0,2025,13950000
4423,6,4.0,5,2.0,2.0,24.3,1.0,Rural,1,0,1,2021,59658000
753,3,2.0,45,2.0,2.0,19.3,5.0,Suburban,0,0,1,1981,15075000
3798,6,4.0,42,2.0,3.0,17.2,4.0,Urban,1,0,0,1984,55124000
3683,6,4.0,3,1.5,2.0,7.2,5.0,Suburban,0,0,1,2023,54162000
3057,4,4.0,28,2.0,,27.6,4.0,Suburban,0,1,1,1998,41942000
1996,3,2.0,24,1.5,2.0,6.1,4.0,Suburban,1,0,0,2002,30438000
598,1,1.0,8,1.0,0.0,24.0,5.0,Suburban,1,0,1,2018,10924000
2700,4,3.0,2,2.0,1.0,29.0,3.0,Rural,0,0,1,2024,34231000
2384,4,4.0,25,1.5,3.0,21.9,2.0,Urban,1,0,0,2001,35821000
3461,5,3.0,47,3.0,2.0,29.8,4.0,Urban,1,0,1,1979,48601000
2419,5,3.0,42,1.0,3.0,19.7,1.0,Urban,0,0,1,1984,34716000
1377,5,4.0,26,3.0,2.0,6.9,5.0,Suburban,1,0,1,2000,27265000
837,1,1.0,35,3.0,2.0,6.5,3.0,Rural,1,0,1,1991,15589000
4277,6,4.0,31,1.0,2.0,10.1,4.0,Rural,1,1,1,1995,57017000
3369,6,4.0,0,2.0,2.0,0.7,3.0,Suburban,0,0,1,2026,49464000
3734,6,4.0,15,1.5,1.0,20.6,5.0,Rural,1,0,0,2011,49747000
4291,6,4.0,50,2.5,3.0,8.4,1.0,Suburban,0,0,0,1976,57027000
1456,1,1.0,47,2.0,2.0,24.5,4.0,Suburban,1,0,1,1979,22363000
2204,2,2.0,10,2.0,2.0,11.1,4.0,Rural,1,0,1,2016,31066000
660,1,2.0,25,2.0,2.0,14.7,3.0,Urban,1,0,1,2001,15029000
2103,3,2.0,39,1.0,1.0,29.0,5.0,Suburban,0,0,1,1987,27615000
3348,6,4.0,0,1.0,0.0,7.6,2.0,Suburban,1,0,1,2026,49622000
897,3,2.0,25,1.5,3.0,21.8,4.0,Rural,1,0,1,2001,12264000
1800,2,3.0,27,2.0,1.0,22.8,1.0,Rural,1,1,1,1999,28225000
1315,1,1.0,8,2.0,1.0,7.0,4.0,Rural,1,0,1,2018,18735000
4487,6,4.0,43,2.0,0.0,15.3,4.0,Rural,1,0,1,1983,58906000
2027,4,4.0,21,1.0,2.0,10.8,2.0,Suburban,0,0,0,2005,32883000
2419,4,3.0,7,2.0,2.0,23.3,2.0,Urban,0,0,1,2019,34178000
1915,2,2.0,48,1.0,2.0,18.9,5.0,Urban,1,0,0,1978,30529000
1658,2,2.0,41,2.5,2.0,14.5,,Suburban,1,0,1,1985,28430000
1718,2,2.0,26,3.0,1.0,23.5,4.0,Suburban,0,0,1,2000,26620000
900,2,1.0,38,1.5,1.0,7.4,3.0,Suburban,0,1,1,1988,15537000
1139,1,1.0,18,1.0,0.0,22.7,3.0,Suburban,1,0,0,2008,16434000
3604,5,4.0,24,1.0,2.0,26.0,1.0,Rural,0,0,1,2002,48030000
3235,6,4.0,37,2.0,0.0,26.4,1.0,Urban,1,0,0,1989,45518000
959,1,,20,2.0,,23.6,3.0,Rural,1,0,1,2006,11243000
1454,1,1.0,23,2.0,1.0,12.5,1.0,Rural,0,1,1,2003,19736000
4454,6,4.0,23,1.0,1.0,29.5,4.0,Suburban,1,0,0,2003,58631000
969,1,1.0,18,2.0,3.0,11.7,2.0,Suburban,1,0,0,2008,14944000
3946,6,4.0,49,2.0,,19.3,4.0,Suburban,1,1,1,1977,52703000
1545,3,2.0,46,1.0,2.0,5.3,3.0,Suburban,1,0,1,1980,20630000
3297,5,4.0,1,2.0,0.0,29.4,5.0,Urban,1,0,1,2025,51662000
2193,3,2.0,13,1.0,0.0,21.3,5.0,Urban,0,1,1,2013,32794000
2585,3,2.0,31,2.0,1.0,22.7,3.0,Urban,0,0,1,1995,35325000
2777,4,2.0,41,2.5,0.0,2.4,4.0,Urban,1,0,0,1985,38645000
3936,6,4.0,31,1.5,2.0,23.0,1.0,Urban,0,0,1,1995,52121000
1062,1,1.0,27,2.5,1.0,23.4,1.0,Urban,1,0,1,1999,16971000
2985,5,4.0,47,2.0,0.0,20.3,5.0,Suburban,0,0,1,1979,40662000
2299,4,4.0,38,1.0,0.0,9.1,3.0,Rural,1,1,0,1988,33909000
3854,6,4.0,39,2.0,2.0,14.9,3.0,Suburban,1,0,1,1987,55647000
2574,5,4.0,41,2.0,2.0,3.8,2.0,Rural,0,1,0,1985,34830000
725,1,1.0,46,1.5,1.0,14.4,5.0,Suburban,1,0,1,1980,12801000
3848,4,3.0,39,1.0,1.0,7.7,3.0,Suburban,1,0,1,1987,51103000
1297,2,3.0,12,1.5,2.0,10.8,2.0,Suburban,1,0,1,2014,19624000
4180,6,4.0,11,1.0,2.0,5.3,1.0,Urban,1,0,0,2015,59275000
2831,6,4.0,7,1.0,1.0,7.3,5.0,Rural,0,0,0,2019,41716000
3426,6,4.0,14,1.5,2.0,2.8,5.0,Rural,0,0,1,2012,52386000
1459,3,2.0,25,1.0,2.0,27.6,3.0,Suburban,1,0,1,2001,24235000
2004,4,3.0,11,3.0,2.0,16.1,3.0,Urban,0,1,1,2015,33651000
952,1,1.0,42,1.5,2.0,12.2,4.0,Suburban,0,0,0,1984,13969000
3567,4,4.0,50,2.0,3.0,16.3,1.0,Urban,1,0,1,1976,50656000
4400,6,4.0,45,2.0,1.0,19.0,1.0,Urban,1,0,1,1981,56902000
1315,3,2.0,26,2.0,3.0,27.7,2.0,Rural,1,0,1,2000,20432000
1158,2,2.0,17,1.0,1.0,5.8,2.0,Suburban,1,0,1,2009,18899000
4087,6,4.0,44,3.0,2.0,9.2,4.0,Suburban,1,0,1,1982,58457000
1046,1,1.0,35,2.0,0.0,29.3,1.0,Rural,1,1,1,1991,16350000
1715,2,1.0,48,2.5,1.0,11.5,2.0,Suburban,1,0,1,1978,24121000
3620,6,4.0,50,1.5,2.0,1.2,1.0,Suburban,1,0,1,1976,47826000
4083,6,4.0,26,1.0,2.0,4.9,1.0,Urban,0,1,1,2000,56682000
516,1,1.0,8,2.0,0.0,1.3,2.0,Urban,1,1,1,2018,11201000
3743,6,4.0,38,1.0,1.0,29.7,3.0,Suburban,1,1,1,1988,51846000
1743,3,2.0,0,2.0,0.0,8.7,3.0,Suburban,1,0,1,2026,26551000
2705,4,3.0,6,1.0,3.0,27.7,2.0,Urban,1,0,1,2020,43871000
3024,4,3.0,25,2.0,2.0,29.9,4.0,Urban,0,0,0,2001,41445000
1569,2,2.0,6,3.0,0.0,18.2,5.0,Suburban,0,1,0,2020,28251000
3944,6,3.0,6,2.0,2.0,1.5,1.0,Suburban,1,1,1,2020,59270000
3065,5,3.0,7,2.5,2.0,2.9,5.0,Suburban,1,0,0,2019,47869000
2646,4,3.0,15,2.0,1.0,14.7,2.0,Suburban,1,0,1,2011,37106000
4463,6,4.0,2,2.0,2.0,12.5,1.0,Urban,0,0,1,2024,60831000
2268,3,2.0,44,3.0,1.0,18.4,5.0,Suburban,1,0,1,1982,37573000
1560,3,2.0,9,2.5,2.0,13.4,3.0,Rural,1,0,0,2017,28260000
2827,4,3.0,49,2.0,1.0,28.1,4.0,Urban,0,0,1,1977,39012000
3920,6,4.0,6,1.0,1.0,16.3,5.0,Suburban,1,1,1,2020,56667000
3044,6,4.0,20,2.0,1.0,21.0,4.0,Suburban,1,0,1,2006,43145000
801,1,2.0,36,1.0,,26.9,3.0,Suburban,0,0,1,1990,10565000
680,1,2.0,30,1.5,2.0,4.8,5.0,Urban,1,0,1,1996,16133000
1106,2,1.0,22,2.0,1.0,7.3,2.0,Rural,1,0,1,2004,21114000
3670,5,3.0,26,2.5,1.0,3.7,1.0,Suburban,0,0,1,2000,49205000
1199,3,3.0,21,2.5,2.0,4.6,3.0,Rural,1,1,1,2005,24169000
1492,2,2.0,38,1.5,1.0,15.6,4.0,Urban,0,0,1,1988,24113000
1639,2,1.0,26,1.0,1.0,10.0,4.0,Suburban,0,0,1,2000,23302000
690,2,1.0,48,2.5,3.0,13.0,3.0,Suburban,1,0,0,1978,14038000
2800,5,3.0,3,1.0,2.0,29.5,2.0,Urban,1,0,1,2023,43217000
1480,3,2.0,23,2.0,,5.1,2.0,Urban,1,0,1,2003,25831000
3475,6,4.0,22,1.0,1.0,16.5,4.0,Suburban,0,0,1,2004,48137000
2506,4,2.0,47,1.5,3.0,3.4,3.0,Urban,1,0,1,1979,37317000
1684,2,2.0,18,3.0,1.0,9.9,3.0,Suburban,0,0,1,2008,27801000
3827,4,3.0,41,1.0,1.0,16.1,1.0,Urban,1,0,1,1985,51336000
3894,6,4.0,2,1.5,1.0,28.4,4.0,Urban,1,0,1,2024,57953000
627,2,1.0,26,1.0,0.0,12.0,2.0,Suburban,1,0,1,2000,10835000
2565,4,3.0,2,2.5,2.0,2.4,5.0,Urban,0,0,1,2024,42880000
2316,2,2.0,27,2.5,2.0,12.0,2.0,Rural,1,0,1,1999,33626000
2258,3,2.0,16,1.0,,4.8,2.0,Rural,1,0,1,2010,31309000
3113,6,4.0,30,1.0,2.0,7.3,5.0,Suburban,1,0,1,1996,43380000
1069,2,2.0,9,2.0,1.0,18.7,4.0,Rural,0,1,0,2017,21816000
1846,2,1.0,48,1.0,0.0,2.5,1.0,Rural,1,0,1,1978,21774000
2395,3,,21,2.0,3.0,14.2,2.0,Urban,1,0,0,2005,33547000
3233,5,4.0,29,1.0,1.0,18.5,2.0,Rural,1,1,1,1997,44899000
4363,6,4.0,48,1.0,1.0,12.9,4.0,Urban,0,0,1,1978,57748000
1125,1,1.0,20,2.0,2.0,1.1,4.0,Suburban,1,0,0,2006,15571000
3859,6,4.0,35,1.0,1.0,29.6,3.0,Suburban,0,0,1,1991,52902000
3401,6,4.0,22,2.5,1.0,11.3,4.0,Suburban,0,0,1,2004,50423000
2186,2,2.0,37,1.0,2.0,23.5,4.0,Urban,1,0,1,1989,28935000
3509,6,4.0,11,1.0,3.0,10.1,2.0,Urban,1,0,0,2015,50983000
4210,6,4.0,24,3.0,0.0,14.5,1.0,Suburban,1,0,1,2002,54852000
654,2,1.0,19,1.5,2.0,12.0,2.0,Urban,1,0,1,2007,12155000
3037,5,3.0,48,2.0,1.0,10.6,4.0,Suburban,1,0,0,1978,40705000
1909,3,3.0,48,1.0,1.0,1.1,3.0,Suburban,1,0,1,1978,28245000
1284,2,2.0,41,2.0,2.0,11.1,1.0,Urban,1,0,1,1985,23217000
3675,5,3.0,6,2.0,3.0,26.7,3.0,Urban,1,0,0,2020,51597000
3964,6,4.0,28,1.0,1.0,20.9,5.0,Suburban,1,0,1,1998,56346000
4382,6,4.0,47,2.5,1.0,4.8,3.0,Suburban,1,0,1,1979,60073000
745,1,1.0,28,2.0,0.0,17.9,3.0,Urban,0,0,0,1998,8668000
3747,6,4.0,12,1.5,1.0,26.8,,Urban,1,0,1,2014,51201000
3610,5,4.0,2,2.0,0.0,21.2,4.0,Urban,0,0,1,2024,55504000
2000,4,3.0,1,2.0,1.0,4.9,4.0,Urban,0,0,1,2025,32448000
2205,5,3.0,15,1.0,0.0,26.1,4.0,Suburban,0,0,1,2011,33699000
3306,6,4.0,29,1.5,1.0,9.4,4.0,Suburban,0,0,1,1997,47572000
1037,1,1.0,37,1.0,0.0,13.9,3.0,Suburban,1,1,1,1989,12279000
2390,4,3.0,5,1.5,2.0,16.0,5.0,Rural,1,1,0,2021,36087000
2341,5,4.0,44,2.0,1.0,25.6,4.0,Urban,1,1,1,1982,37397000
1420,1,2.0,6,2.0,1.0,28.0,5.0,Suburban,0,1,1,2020,22112000
2955,5,4.0,4,3.0,2.0,27.9,5.0,Suburban,1,0,1,2022,44416000
1024,2,2.0,6,1.0,2.0,0.7,2.0,Suburban,1,0,1,2020,16657000
3375,4,3.0,33,1.5,1.0,27.7,2.0,Suburban,1,0,1,1993,42843000
2029,4,3.0,31,2.0,0.0,2.1,1.0,Suburban,1,0,0,1995,28321000
3450,6,4.0,48,2.0,2.0,8.3,2.0,Suburban,0,0,1,1978,43545000
4396,6,4.0,12,2.0,1.0,15.7,4.0,Urban,1,0,1,2014,63966000
535,1,1.0,29,1.0,2.0,14.7,5.0,Suburban,0,0,0,1997,8162000
1184,2,2.0,24,1.5,1.0,18.3,1.0,Suburban,1,0,1,2002,17652000
519,1,1.0,20,1.0,1.0,14.6,2.0,Rural,1,0,0,2006,7371000
2868,2,2.0,20,3.0,1.0,28.1,3.0,Suburban,1,0,0,2006,40456000
4347,6,4.0,27,1.0,2.0,7.6,1.0,Suburban,1,0,1,1999,56040000
3059,6,4.0,47,2.5,2.0,8.6,4.0,Suburban,1,1,0,1979,43644000
899,2,2.0,19,2.0,0.0,27.7,5.0,Rural,0,1,1,2007,13805000
3201,5,3.0,33,1.0,1.0,2.8,4.0,Rural,1,0,1,1993,39591000
1471,2,1.0,4,2.0,0.0,18.5,4.0,Suburban,1,0,1,2022,24470000
2406,3,2.0,17,2.5,1.0,20.6,3.0,Suburban,0,1,0,2009,35010000
3018,4,3.0,38,2.5,2.0,15.4,3.0,Urban,0,0,1,1988,42448000
1666,3,3.0,42,1.0,1.0,21.0,5.0,Suburban,0,1,1,1984,27233000
1615,2,3.0,10,1.0,3.0,5.6,2.0,Suburban,1,0,1,2016,26115000
3925,6,4.0,16,1.0,2.0,25.7,4.0,Suburban,1,0,0,2010,53812000
1333,2,2.0,47,1.0,3.0,4.6,2.0,Urban,0,0,1,1979,20500000
2323,4,3.0,44,2.0,2.0,12.3,5.0,Suburban,1,0,1,1982,33319000
3274,6,,21,2.5,0.0,2.7,4.0,Urban,1,0,1,2005,50762000
2482,3,2.0,36,1.5,1.0,16.6,2.0,Suburban,0,0,1,1990,32174000
1353,3,3.0,19,2.0,1.0,20.3,4.0,Urban,1,0,1,2007,23551000
550,1,1.0,47,2.0,1.0,28.3,3.0,Suburban,1,0,1,1979,9857000
4236,6,4.0,47,1.5,1.0,22.3,3.0,Urban,1,0,0,1979,60526000
4269,6,4.0,47,1.0,1.0,16.5,1.0,Urban,0,0,0,1979,53471000
1074,1,2.0,45,2.0,3.0,28.0,5.0,Suburban,0,0,1,1981,14398000
3761,6,4.0,5,2.5,1.0,14.6,2.0,Urban,0,0,1,2021,53403000
1648,1,1.0,33,2.0,2.0,17.1,4.0,Suburban,0,0,0,1993,21626000
2697,4,2.0,13,1.0,3.0,18.1,1.0,Rural,1,0,1,2013,38201000
2861,3,3.0,47,1.0,2.0,12.6,5.0,Rural,0,0,1,1979,38050000
3117,5,3.0,22,1.0,1.0,25.2,5.0,Urban,1,0,1,2004,43006000
3913,6,4.0,19,2.0,1.0,6.0,5.0,Rural,0,0,0,2007,55599000
2852,4,3.0,12,2.0,1.0,16.9,2.0,Urban,1,1,1,2014,45823000
2215,4,3.0,46,1.0,1.0,21.8,3.0,Rural,1,1,1,1980,29433000
1181,3,2.0,43,2.5,1.0,27.2,1.0,Suburban,1,0,1,1983,17833000
1337,3,3.0,40,2.0,2.0,26.6,2.0,Urban,0,0,1,1986,16778000
4354,6,4.0,31,2.0,1.0,15.5,4.0,Suburban,1,0,1,1995,58591000
1577,3,2.0,25,3.0,1.0,19.5,2.0,Urban,0,0,1,2001,25015000
3550,5,4.0,49,1.0,3.0,12.1,4.0,Suburban,0,0,1,1977,47846000
2991,5,,13,2.5,0.0,14.3,4.0,Suburban,1,1,0,2013,45246000
3160,4,3.0,35,1.0,1.0,27.2,5.0,Suburban,1,0,1,1991,41666000
3540,5,4.0,7,1.5,2.0,28.0,2.0,Suburban,1,0,0,2019,51528000
2811,4,3.0,39,2.5,1.0,26.9,3.0,Rural,1,0,0,1987,36397000
3624,6,4.0,21,2.5,2.0,4.6,4.0,Rural,1,0,1,2005,49386000
2095,4,3.0,21,2.0,1.0,25.6,5.0,Suburban,1,0,0,2005,31951000
3551,6,4.0,15,2.0,2.0,28.5,3.0,Suburban,1,0,1,2011,52065000
4191,6,4.0,26,2.0,1.0,11.2,2.0,Rural,1,0,0,2000,56671000
504,1,1.0,9,2.5,1.0,15.8,3.0,Rural,1,0,1,2017,9673000
1626,5,3.0,24,1.0,1.0,23.5,2.0,,0,0,0,2002,28803000
1719,1,2.0,30,2.5,1.0,17.1,4.0,Urban,0,0,1,1996,25214000
1273,1,1.0,20,2.0,1.0,29.8,1.0,Urban,1,0,0,2006,15316000
1376,3,,26,2.0,1.0,13.9,1.0,Suburban,0,0,1,2000,21698000
1491,2,2.0,16,1.5,1.0,21.6,4.0,Urban,1,0,1,2010,23957000
3431,6,4.0,32,2.0,1.0,23.9,3.0,Suburban,1,0,1,1994,47558000
3921,6,3.0,30,3.0,1.0,15.1,2.0,Suburban,1,1,1,1996,56112000
546,3,2.0,49,2.0,1.0,25.8,1.0,Suburban,1,0,0,1977,8668000
3414,4,3.0,41,3.0,2.0,16.6,2.0,Suburban,0,0,0,1985,44472000
3370,6,4.0,25,1.0,1.0,12.6,4.0,Urban,1,0,1,2001,46632000
3483,6,4.0,20,2.0,0.0,3.7,3.0,Rural,0,0,0,2006,47035000
4391,6,4.0,35,2.5,2.0,12.1,2.0,Rural,1,0,1,1991,58543000
3203,6,4.0,0,2.0,2.0,22.2,,Suburban,1,0,1,2026,46677000
768,1,1.0,3,2.0,1.0,27.7,1.0,,1,0,1,2023,9321000
869,1,1.0,3,2.0,1.0,7.9,2.0,Urban,0,0,1,2023,17401000
1135,2,1.0,25,2.5,1.0,11.0,5.0,Suburban,1,0,1,2001,20854000
1629,1,1.0,3,2.5,1.0,5.0,1.0,Urban,1,0,1,2023,26509000
2193,4,3.0,48,1.0,2.0,20.9,,Suburban,0,0,1,1978,28553000
2182,3,2.0,8,2.5,0.0,28.8,4.0,Urban,1,0,1,2018,33050000
1156,3,3.0,29,1.5,2.0,19.4,5.0,Suburban,1,0,1,1997,21122000
619,2,3.0,50,1.0,0.0,18.7,2.0,Urban,1,0,1,1976,11897000
1330,4,3.0,44,2.5,1.0,16.8,1.0,Suburban,1,0,1,1982,21569000
2310,4,2.0,3,1.5,2.0,3.1,2.0,Urban,1,0,1,2023,33472000
4175,6,4.0,4,2.5,1.0,22.0,2.0,Rural,1,0,0,2022,59842000
1581,2,2.0,44,1.0,0.0,18.3,5.0,Suburban,1,0,1,1982,20403000
2474,3,2.0,22,1.0,3.0,20.0,5.0,Urban,1,0,1,2004,33875000
1869,1,1.0,15,2.0,2.0,27.0,5.0,Urban,0,0,1,2011,22598000
1240,2,2.0,21,1.0,2.0,23.6,5.0,Rural,1,1,1,2005,22185000
4045,4,3.0,36,2.0,1.0,23.5,4.0,Urban,1,0,1,1990,56648000
616,1,1.0,7,1.0,1.0,27.9,3.0,,1,0,0,2019,10500000
2353,3,2.0,47,1.5,3.0,29.7,5.0,Suburban,0,0,1,1979,29001000
3338,4,3.0,32,1.0,1.0,17.6,1.0,Urban,0,0,1,1994,45679000
1650,2,2.0,37,1.0,2.0,3.7,2.0,Urban,0,0,1,1989,21732000
3964,6,4.0,42,2.0,1.0,14.0,5.0,Suburban,0,0,1,1984,55230000
2431,4,4.0,15,1.0,1.0,23.7,1.0,Urban,0,1,1,2011,34576000
1512,3,2.0,4,2.0,3.0,1.3,4.0,Urban,1,0,1,2022,26959000
2164,3,2.0,15,2.5,1.0,2.2,1.0,Urban,1,0,1,2011,33012000
1581,3,2.0,6,2.0,0.0,2.5,1.0,Urban,1,0,0,2020,26137000
1133,4,3.0,50,2.5,1.0,22.1,4.0,Urban,1,0,1,1976,20027000
1012,2,2.0,0,1.0,1.0,15.3,4.0,Rural,1,0,1,2026,20746000
4322,6,4.0,8,1.0,0.0,11.4,2.0,Suburban,1,0,1,2018,62016000
3349,4,3.0,17,2.5,1.0,3.6,5.0,Suburban,0,1,1,2009,52138000
1619,2,2.0,44,2.0,1.0,22.1,1.0,Urban,0,0,1,1982,21627000
4209,6,4.0,46,2.0,2.0,10.0,3.0,Urban,1,0,1,1980,57624000
1641,3,2.0,2,2.0,1.0,8.3,3.0,Rural,0,0,1,2024,28089000
1059,2,2.0,23,1.5,3.0,19.7,2.0,Suburban,1,1,1,2003,17759000
4172,4,3.0,27,1.0,1.0,17.0,3.0,Urban,1,0,1,1999,54749000
987,2,1.0,9,2.0,1.0,11.2,2.0,Suburban,1,1,1,2017,18554000
3808,6,4.0,8,2.0,0.0,19.4,5.0,Suburban,1,0,1,2018,54524000
4456,6,4.0,12,2.0,2.0,8.5,2.0,Rural,1,0,0,2014,59656000
1396,2,2.0,47,2.5,3.0,23.9,4.0,Urban,0,0,0,1979,19556000
3843,5,3.0,34,1.0,2.0,7.3,4.0,Suburban,0,0,1,1992,53474000
1712,1,1.0,22,1.0,1.0,5.2,4.0,Suburban,1,0,1,2004,24267000
1203,3,2.0,46,2.5,1.0,23.6,4.0,Rural,1,0,0,1980,17984000
1970,3,3.0,16,2.0,2.0,21.4,4.0,Rural,1,0,1,2010,29559000
1080,2,1.0,45,2.0,3.0,5.9,4.0,Urban,1,0,0,1981,19570000
3337,6,4.0,6,1.0,3.0,3.9,4.0,Suburban,1,0,1,2020,50951000
3408,6,4.0,15,1.0,1.0,25.2,4.0,Suburban,1,1,1,2011,49398000
2794,4,2.0,39,2.0,3.0,23.4,4.0,Suburban,1,0,1,1987,38151000
3647,6,4.0,35,1.5,1.0,10.2,5.0,Rural,1,0,1,1991,50182000
653,1,2.0,19,2.5,1.0,19.9,4.0,Rural,0,0,1,2007,9936000
2179,3,2.0,23,3.0,0.0,4.2,2.0,Urban,1,0,1,2003,30862000
4006,6,4.0,46,2.5,1.0,15.5,5.0,Urban,1,0,1,1980,56656000
1496,2,2.0,4,1.5,2.0,1.1,3.0,Suburban,1,0,1,2022,25613000
3657,4,3.0,44,2.0,2.0,12.1,1.0,Urban,0,1,1,1982,47392000
3244,4,3.0,5,1.5,2.0,2.7,5.0,Urban,0,0,1,2021,47919000
3856,6,4.0,27,1.0,2.0,14.5,4.0,Suburban,1,0,1,1999,50988000
1743,4,3.0,4,1.0,1.0,12.9,5.0,Rural,0,0,1,2022,28377000
1592,2,2.0,48,1.5,2.0,13.6,,Urban,1,0,1,1978,21731000
3618,6,4.0,38,2.5,1.0,1.8,1.0,Suburban,1,1,1,1988,54587000
1508,2,2.0,37,1.0,2.0,11.2,4.0,Urban,1,0,1,1989,24605000
2641,5,4.0,1,1.0,2.0,22.8,4.0,Urban,1,0,1,2025,39710000
2273,5,3.0,42,3.0,2.0,11.4,2.0,Urban,0,0,1,1984,31996000
1457,3,3.0,38,1.0,,21.6,1.0,Urban,1,0,1,1988,22821000
3559,4,3.0,20,2.0,2.0,11.4,4.0,Rural,1,0,1,2006,50248000
952,2,2.0,39,1.0,1.0,13.0,1.0,,1,0,1,1987,16628000
1727,3,3.0,36,1.0,1.0,17.1,2.0,Suburban,1,0,0,1990,26652000
3459,6,4.0,17,2.5,2.0,28.5,3.0,Urban,1,1,0,2009,52015000
2765,5,4.0,47,1.0,1.0,3.7,1.0,Suburban,0,0,0,1979,39703000
3021,5,3.0,45,2.0,2.0,1.5,2.0,Urban,0,0,0,1981,42058000
2979,4,3.0,11,1.0,1.0,18.4,2.0,Urban,1,0,0,2015,42165000
2888,3,2.0,16,1.0,1.0,28.5,2.0,Suburban,1,0,1,2010,36427000
1050,1,1.0,36,1.0,2.0,29.7,5.0,Suburban,1,0,1,1990,18834000
2135,6,4.0,45,1.0,1.0,14.8,4.0,Urban,1,0,1,1981,33425000
1812,2,1.0,37,1.0,1.0,14.3,1.0,Urban,0,0,1,1989,23977000
3825,4,2.0,14,2.0,1.0,19.5,5.0,Rural,1,0,1,2012,50051000
2257,4,3.0,6,2.0,1.0,16.9,1.0,Suburban,0,0,1,2020,35331000
856,2,1.0,13,1.0,2.0,19.2,5.0,Rural,0,0,1,2013,16946000
2570,5,4.0,49,1.5,0.0,26.3,4.0,Rural,1,1,0,1977,34117000
2285,4,,0,3.0,2.0,22.5,,Suburban,1,0,0,2026,35984000
3069,5,4.0,37,2.5,2.0,15.2,1.0,Urban,0,0,0,1989,44002000
2281,5,4.0,2,2.0,1.0,14.1,2.0,Suburban,1,0,1,2024,33614000
4408,6,4.0,36,2.5,2.0,19.4,4.0,Urban,1,0,1,1990,61853000
3671,5,4.0,43,1.0,2.0,13.9,1.0,Urban,0,0,1,1983,49575000
3349,4,4.0,30,1.5,1.0,14.0,,Suburban,1,0,1,1996,46955000
3751,6,4.0,42,2.0,1.0,1.0,3.0,Suburban,1,0,1,1984,55278000
3794,6,4.0,12,2.0,1.0,5.6,3.0,Urban,1,0,1,2014,60220000
4477,6,4.0,47,2.0,2.0,14.9,4.0,Suburban,0,0,0,1979,61450000
3309,6,4.0,17,1.5,2.0,24.8,3.0,Suburban,1,0,0,2009,47666000
4230,5,4.0,16,3.0,,8.7,1.0,Urban,1,0,1,2010,59382000
2989,4,3.0,16,2.5,2.0,15.9,3.0,Urban,0,0,0,2010,43769000
2131,2,2.0,10,1.5,2.0,10.7,1.0,Urban,0,0,1,2016,35108000
3316,6,4.0,19,2.0,2.0,3.6,4.0,Urban,0,0,0,2007,49389000
1515,4,3.0,9,1.0,2.0,28.8,2.0,Suburban,0,0,1,2017,23551000
1848,4,3.0,28,1.0,1.0,25.7,5.0,Suburban,0,1,0,1998,30023000
1015,1,1.0,47,1.5,2.0,2.8,3.0,Suburban,1,0,1,1979,19114000
3587,6,4.0,33,1.5,2.0,21.7,5.0,Urban,1,0,1,1993,49720000
3339,5,4.0,16,1.0,2.0,10.8,2.0,Urban,1,0,1,2010,46733000
835,1,1.0,41,2.5,1.0,29.8,4.0,Urban,1,0,1,1985,12532000
2282,3,2.0,12,1.5,1.0,9.4,4.0,Urban,1,0,1,2014,32625000
2805,4,3.0,43,2.0,1.0,7.5,2.0,Urban,1,0,1,1983,37298000
996,2,1.0,46,1.0,1.0,17.3,5.0,Suburban,0,0,1,1980,16898000
1395,2,1.0,38,1.0,2.0,25.1,3.0,Urban,1,0,1,1988,20999000
2707,3,,26,2.5,1.0,6.2,1.0,Suburban,1,0,1,2000,34603000
4046,6,4.0,25,2.0,2.0,21.4,4.0,Suburban,0,0,1,2001,57000000
1351,2,2.0,27,3.0,2.0,2.3,2.0,Suburban,0,0,1,1999,22015000
2187,3,2.0,12,3.0,2.0,27.6,5.0,Urban,0,0,1,2014,35581000
2431,5,4.0,11,1.5,1.0,2.9,3.0,Rural,1,0,0,2015,35419000
3237,4,3.0,43,1.0,3.0,27.5,5.0,Rural,0,0,0,1983,40169000
4246,5,3.0,27,2.5,2.0,15.0,3.0,Urban,0,0,1,1999,58838000
2927,6,4.0,1,3.0,2.0,13.7,1.0,Suburban,0,0,1,2025,45309000
2068,5,3.0,36,2.0,1.0,29.2,1.0,Rural,1,1,1,1990,27610000
1456,2,1.0,33,2.0,1.0,29.7,2.0,Suburban,1,0,1,1993,20626000
3238,5,4.0,22,2.0,0.0,19.7,2.0,Urban,1,0,1,2004,44551000
3998,5,3.0,44,1.5,1.0,4.3,3.0,Suburban,1,0,1,1982,54702000
2136,3,2.0,28,2.0,0.0,15.4,3.0,Suburban,1,0,1,1998,31453000
1791,2,1.0,34,2.5,1.0,16.1,3.0,Suburban,0,0,1,1992,27036000
4406,6,4.0,10,2.0,2.0,15.7,3.0,Rural,1,0,1,2016,58648000
4148,6,4.0,47,1.0,1.0,17.3,,Suburban,0,0,1,1979,52092000
1940,2,2.0,32,1.0,1.0,1.1,2.0,Urban,1,0,1,1994,27303000
1691,2,2.0,50,1.0,2.0,21.5,2.0,Suburban,1,0,1,1976,21525000
4413,5,3.0,10,1.0,0.0,21.5,4.0,Suburban,0,1,1,2016,60695000
1566,2,1.0,8,2.5,2.0,3.9,2.0,Urban,0,0,1,2018,23335000
4127,6,4.0,13,1.0,1.0,17.3,2.0,Urban,0,0,0,2013,59260000
784,1,1.0,8,1.0,0.0,17.3,5.0,Rural,0,0,0,2018,16316000
2944,5,3.0,38,1.0,,20.6,5.0,Suburban,0,0,1,1988,42866000
511,2,2.0,47,2.0,2.0,3.0,4.0,Urban,1,0,1,1979,13052000
2130,2,1.0,2,2.0,,19.0,3.0,Urban,1,0,0,2024,31428000
3873,5,4.0,28,1.0,2.0,8.8,4.0,Suburban,1,0,0,1998,53624000
4469,6,4.0,18,1.0,1.0,15.5,4.0,Suburban,1,0,1,2008,59725000
3824,4,3.0,35,1.0,0.0,23.3,1.0,Urban,1,0,1,1991,49611000
3046,5,4.0,31,2.0,2.0,21.3,2.0,Suburban,1,0,0,1995,43004000
1253,1,1.0,6,1.0,0.0,4.0,1.0,Urban,1,0,0,2020,18074000
2582,5,4.0,27,3.0,2.0,17.9,2.0,Urban,1,0,1,1999,41866000
3274,5,4.0,43,2.0,1.0,29.1,4.0,Suburban,1,0,1,1983,44580000
3396,5,3.0,17,1.0,1.0,5.1,2.0,Urban,0,1,0,2009,46633000
589,2,1.0,4,2.0,2.0,25.7,3.0,Rural,1,0,1,2022,11917000
1275,1,1.0,22,1.0,3.0,21.2,3.0,Urban,1,1,1,2004,20334000
3152,4,3.0,21,2.0,1.0,23.3,4.0,Suburban,1,0,0,2005,42267000
4493,6,4.0,25,1.0,2.0,8.8,5.0,Urban,1,0,0,2001,65402000
3517,5,4.0,41,2.0,1.0,9.0,3.0,Urban,0,0,1,1985,48438000
2125,3,2.0,11,2.0,2.0,27.2,4.0,Suburban,1,0,1,2015,33847000
3569,6,4.0,39,3.0,2.0,11.1,1.0,Suburban,1,0,1,1987,49855000
917,2,2.0,18,1.0,1.0,2.4,5.0,Suburban,1,0,1,2008,18685000
614,1,1.0,46,1.0,1.0,18.2,3.0,Suburban,1,0,1,1980,9547000
1116,2,1.0,0,2.0,0.0,4.2,4.0,Suburban,0,0,1,2026,19167000
4474,6,4.0,2,3.0,1.0,24.0,4.0,Suburban,1,0,0,2024,64771000
3767,6,4.0,26,2.5,1.0,19.4,1.0,Suburban,1,1,1,2000,53755000
1325,4,3.0,17,1.0,2.0,26.3,1.0,Suburban,1,0,1,2009,21288000
4072,6,4.0,49,1.0,3.0,23.7,5.0,Suburban,0,0,1,1977,56521000
2149,4,3.0,29,2.0,0.0,3.8,3.0,Rural,0,1,1,1997,34431000
2016,5,3.0,1,1.0,1.0,11.7,4.0,Urban,1,0,1,2025,34596000
3646,6,4.0,4,1.0,1.0,23.3,5.0,Suburban,1,0,1,2022,55543000
912,1,1.0,28,1.0,2.0,12.8,5.0,Urban,0,0,1,1998,15343000
3947,5,4.0,32,2.0,1.0,29.2,1.0,Urban,0,1,1,1994,51667000
3991,6,4.0,41,3.0,1.0,22.2,4.0,Suburban,1,0,1,1985,53860000
1228,1,1.0,19,3.0,1.0,1.0,2.0,Rural,1,0,1,2007,18671000
3848,5,4.0,29,1.5,1.0,26.5,1.0,Suburban,0,0,1,1997,53079000
3568,6,4.0,41,2.0,0.0,3.5,4.0,Suburban,0,1,1,1985,49769000
3308,5,3.0,4,2.5,1.0,4.6,5.0,Urban,1,1,1,2022,51897000
1175,3,2.0,49,1.0,0.0,22.2,5.0,Suburban,1,0,1,1977,20015000
3965,6,4.0,20,2.0,1.0,26.0,3.0,Rural,1,1,1,2006,55619000
2392,4,3.0,14,1.5,1.0,16.3,2.0,Urban,1,0,1,2012,34806000
3004,4,3.0,19,1.0,1.0,9.0,1.0,Urban,1,0,1,2007,39709000
3467,6,,7,1.5,0.0,10.9,3.0,,1,1,0,2019,53034000
2739,4,3.0,48,1.0,3.0,10.6,,Suburban,1,0,0,1978,35617000
3286,4,3.0,30,2.0,2.0,10.1,2.0,Suburban,1,0,1,1996,44203000
4260,6,4.0,11,1.0,1.0,7.7,1.0,Suburban,0,0,0,2015,57385000
1622,3,3.0,20,1.0,1.0,18.5,1.0,Suburban,0,0,1,2006,25995000
2071,3,3.0,29,1.0,2.0,27.1,5.0,Urban,1,1,1,1997,34463000
1477,3,3.0,26,2.5,0.0,9.6,1.0,Suburban,1,1,1,2000,24201000
1508,1,1.0,43,2.0,1.0,6.0,3.0,Urban,1,0,0,1983,23745000
2643,3,3.0,25,2.0,1.0,25.2,5.0,Urban,1,1,0,2001,41989000
2187,4,3.0,32,2.0,2.0,22.4,1.0,Suburban,0,0,0,1994,29494000
3210,4,3.0,25,1.5,2.0,28.0,2.0,Rural,0,0,0,2001,40947000
3761,6,4.0,25,1.0,1.0,5.4,3.0,Suburban,0,0,1,2001,53307000
4307,4,3.0,35,2.0,1.0,4.8,4.0,Suburban,1,0,1,1991,60219000
536,3,3.0,39,1.0,3.0,16.5,2.0,Urban,1,0,1,1987,11191000
4351,6,4.0,0,1.0,3.0,18.6,2.0,Urban,1,0,0,2026,57784000
3940,6,4.0,14,2.0,3.0,14.7,1.0,Urban,1,0,1,2012,56888000
4266,6,4.0,49,1.0,0.0,18.2,5.0,Rural,1,0,1,1977,58066000
2048,4,3.0,0,1.0,1.0,5.8,5.0,Rural,1,0,0,2026,32674000
2826,6,4.0,10,2.0,2.0,14.6,3.0,Rural,0,0,1,2016,46333000
2764,5,4.0,1,1.5,1.0,19.9,1.0,Urban,0,0,1,2025,39364000
3414,5,4.0,0,2.0,0.0,13.3,5.0,Suburban,0,0,0,2026,48177000
1372,2,1.0,30,2.0,0.0,20.5,4.0,Suburban,1,0,1,1996,19145000
2321,4,3.0,43,2.0,2.0,13.8,1.0,Suburban,0,0,1,1983,31917000
1796,5,4.0,15,2.0,2.0,10.3,1.0,Suburban,0,0,1,2011,29139000
4452,6,4.0,21,1.0,1.0,9.5,5.0,Suburban,1,1,1,2005,61265000
2609,6,4.0,41,1.0,2.0,12.6,2.0,,1,0,0,1985,40139000
1095,1,1.0,17,1.5,1.0,1.2,1.0,Urban,1,0,1,2009,18381000
2403,5,4.0,46,1.0,2.0,20.2,2.0,Urban,1,1,1,1980,33993000
1228,3,3.0,16,3.0,1.0,25.4,3.0,Urban,0,0,1,2010,22864000
1865,3,2.0,29,2.5,0.0,11.0,3.0,Urban,0,1,1,1997,28266000
896,1,1.0,9,1.0,1.0,1.9,5.0,Urban,0,0,0,2017,17421000
1198,3,3.0,34,1.0,1.0,29.6,3.0,Urban,0,0,0,1992,20512000
3590,5,3.0,20,1.0,1.0,8.3,5.0,Suburban,1,0,1,2006,52360000
2724,3,2.0,15,1.0,0.0,4.2,5.0,Rural,1,0,0,2011,39437000
2135,3,1.0,5,1.0,3.0,11.4,2.0,Rural,0,1,0,2021,31329000
895,1,1.0,2,2.0,1.0,22.3,2.0,Urban,1,1,1,2024,15844000
2992,5,4.0,40,2.5,,9.2,3.0,Urban,1,1,0,1986,43470000
3804,6,3.0,42,2.0,1.0,17.5,2.0,Urban,0,1,1,1984,52210000
4486,6,4.0,20,1.0,1.0,12.8,1.0,Rural,0,1,1,2006,62296000
575,1,1.0,12,1.5,1.0,4.0,4.0,Suburban,1,0,0,2014,11646000
764,1,1.0,17,2.0,2.0,10.2,1.0,Urban,1,1,1,2009,15800000
3002,5,3.0,23,2.5,1.0,21.9,1.0,Rural,1,0,0,2003,38108000
2319,5,4.0,26,2.5,2.0,18.6,5.0,Urban,1,0,1,2000,37874000
1217,2,3.0,3,2.5,2.0,4.0,4.0,Rural,0,0,1,2023,21624000
3282,5,4.0,21,2.0,0.0,5.3,5.0,Urban,1,1,1,2005,49352000
3955,5,3.0,23,2.0,1.0,19.4,2.0,Urban,0,0,1,2003,54823000
4135,6,4.0,39,1.0,2.0,24.5,2.0,Suburban,1,1,1,1987,54686000
1350,1,1.0,44,2.0,0.0,10.8,4.0,Rural,1,0,1,1982,20581000
4077,6,4.0,9,1.0,1.0,18.1,3.0,Rural,0,0,1,2017,53774000
1890,1,2.0,1,1.5,3.0,5.5,2.0,Suburban,0,1,0,2025,31776000
643,1,1.0,39,2.0,1.0,9.7,1.0,Urban,0,0,1,1987,7655000
1384,2,2.0,5,1.0,,1.1,4.0,Suburban,0,1,0,2021,24717000
3640,5,3.0,47,1.0,3.0,23.2,4.0,Rural,0,0,0,1979,48175000
3670,6,4.0,17,1.0,1.0,12.3,2.0,Suburban,1,0,1,2009,50464000
895,1,1.0,16,1.0,0.0,24.6,2.0,Suburban,1,1,0,2010,15216000
3596,6,4.0,37,1.0,2.0,21.4,5.0,Suburban,1,0,1,1989,49647000
3495,6,4.0,44,1.0,2.0,24.9,5.0,Suburban,0,0,1,1982,48848000
3438,5,3.0,22,1.0,1.0,8.9,1.0,Suburban,0,0,1,2004,46647000
1992,3,1.0,45,1.0,1.0,6.0,4.0,Suburban,0,0,1,1981,31378000
4055,6,4.0,29,3.0,2.0,29.2,3.0,Rural,0,0,1,1997,51657000
4136,6,4.0,20,1.0,2.0,21.7,3.0,Suburban,1,0,1,2006,57049000
3722,6,4.0,9,1.0,1.0,25.1,4.0,Suburban,0,1,0,2017,52436000
1667,3,2.0,42,2.0,0.0,0.9,1.0,Urban,1,0,1,1984,24564000
3116,5,3.0,12,2.5,1.0,11.0,5.0,Urban,1,0,1,2014,46704000
1562,2,2.0,11,2.0,2.0,22.4,5.0,Rural,1,1,1,2015,25158000
2656,3,2.0,8,1.0,2.0,2.8,5.0,Urban,1,1,1,2018,40566000
4264,6,4.0,3,2.0,3.0,17.2,3.0,Rural,1,0,1,2023,60588000
1565,3,2.0,38,2.0,2.0,13.2,3.0,Suburban,1,0,1,1988,23122000
1709,2,1.0,23,2.0,1.0,1.0,1.0,Suburban,0,0,1,2003,24109000
3482,5,4.0,33,2.0,1.0,7.5,3.0,Rural,0,0,1,1993,47180000
2945,5,4.0,38,2.5,2.0,8.9,2.0,Suburban,1,0,1,1988,40453000
3794,6,4.0,40,2.5,2.0,3.8,3.0,Rural,0,0,1,1986,52407000
1133,2,2.0,4,2.0,1.0,19.1,5.0,Urban,1,0,1,2022,20014000
1656,1,1.0,14,1.5,0.0,7.7,1.0,Suburban,1,0,1,2012,24006000
3734,6,4.0,49,2.0,3.0,8.7,4.0,Suburban,0,0,0,1977,51893000
1738,3,,3,2.5,1.0,27.0,4.0,,0,0,1,2023,28073000
1232,2,,50,1.0,1.0,14.3,1.0,Suburban,0,0,0,1976,14004000
734,1,1.0,38,3.0,2.0,12.1,2.0,Suburban,1,0,0,1988,12199000
4414,6,4.0,7,1.0,2.0,21.9,4.0,,1,0,1,2019,58427000
3205,4,3.0,48,2.0,1.0,27.3,5.0,Urban,1,0,1,1978,43667000
1250,2,2.0,44,2.5,2.0,1.2,4.0,Suburban,1,0,1,1982,21761000
3135,5,4.0,23,1.0,1.0,13.7,4.0,Urban,0,0,1,2003,45148000
3580,6,4.0,27,2.0,1.0,18.5,5.0,Suburban,1,0,1,1999,53255000
3645,6,4.0,42,1.0,1.0,9.9,3.0,Suburban,1,0,1,1984,50213000
1453,1,1.0,26,1.5,2.0,23.3,2.0,Suburban,1,0,1,2000,21833000
3039,4,3.0,0,1.0,3.0,29.2,5.0,Suburban,1,1,1,2026,47225000
3460,5,4.0,33,1.5,2.0,28.3,5.0,Urban,1,0,1,1993,51589000
3824,5,3.0,16,1.5,3.0,8.3,1.0,Urban,0,0,0,2010,50183000
3801,6,4.0,36,3.0,0.0,7.2,2.0,Urban,1,0,1,1990,51826000
2042,4,2.0,37,3.0,0.0,28.7,3.0,Suburban,0,0,1,1989,28602000
1697,3,2.0,25,1.0,1.0,14.0,5.0,Rural,1,0,1,2001,26877000
2176,4,2.0,23,2.0,1.0,6.6,3.0,Urban,0,0,1,2003,33120000
1691,4,3.0,38,1.0,2.0,21.4,5.0,Urban,1,0,1,1988,27362000
2717,3,2.0,20,1.0,2.0,8.9,5.0,Suburban,1,0,1,2006,40950000
1916,3,2.0,29,1.0,3.0,8.4,1.0,Suburban,1,0,1,1997,27018000
3493,5,4.0,46,3.0,1.0,26.4,4.0,Urban,1,0,0,1980,47420000
3342,6,4.0,50,3.0,1.0,5.3,2.0,,1,0,1,1976,47882000
3181,3,3.0,47,1.0,1.0,2.4,1.0,Urban,1,0,1,1979,46043000
1717,3,2.0,12,1.0,1.0,8.4,3.0,Urban,0,0,1,2014,27142000
2040,3,2.0,36,1.0,1.0,18.4,5.0,Urban,1,0,1,1990,29049000
2576,3,3.0,2,2.0,1.0,4.1,5.0,Urban,1,1,1,2024,40429000
3736,5,3.0,31,2.0,1.0,14.4,2.0,Suburban,1,0,0,1995,49187000
1945,3,2.0,34,1.0,1.0,19.0,1.0,Suburban,1,0,1,1992,28819000
2886,5,4.0,18,2.0,0.0,25.5,1.0,Urban,0,0,1,2008,40023000
4219,6,4.0,13,1.0,1.0,7.3,3.0,Suburban,0,0,1,2013,58528000
2019,2,2.0,47,3.0,1.0,24.6,1.0,Suburban,1,0,1,1979,26106000
1888,4,4.0,21,2.0,0.0,7.4,1.0,Rural,1,0,1,2005,25445000
2356,3,2.0,16,1.5,1.0,20.5,4.0,Urban,1,0,0,2010,34012000
1865,2,2.0,3,2.0,1.0,13.2,2.0,Suburban,1,0,0,2023,23489000
999,2,1.0,44,2.5,1.0,3.9,1.0,Suburban,1,0,1,1982,15348000
2180,3,2.0,39,1.0,0.0,21.6,3.0,Urban,1,0,1,1987,30999000
1010,2,2.0,18,1.0,1.0,6.9,5.0,Rural,1,0,0,2008,15922000
3898,5,,36,3.0,2.0,5.7,1.0,Suburban,0,0,0,1990,50575000
716,1,1.0,1,1.0,2.0,11.1,1.0,Suburban,1,0,0,2025,10902000
1824,4,2.0,14,1.0,2.0,19.8,5.0,,1,0,1,2012,26216000
1655,2,1.0,1,2.0,1.0,7.4,4.0,Urban,1,1,1,2025,26018000
2327,4,2.0,10,2.5,1.0,5.9,2.0,Suburban,0,1,1,2016,36769000
3641,6,4.0,44,2.0,2.0,0.8,4.0,Urban,0,1,1,1982,52140000
3823,6,4.0,22,2.5,1.0,14.4,3.0,Suburban,1,0,1,2004,53903000
3986,6,4.0,9,2.0,2.0,13.1,1.0,Urban,0,0,1,2017,59543000
2310,2,2.0,2,1.0,1.0,7.4,4.0,Suburban,1,0,0,2024,35790000
2992,5,4.0,4,2.0,1.0,2.1,2.0,Suburban,0,0,1,2022,44954000
3423,5,4.0,2,2.0,2.0,13.2,3.0,Urban,1,0,1,2024,49808000
1705,3,2.0,37,1.0,1.0,23.8,4.0,Suburban,1,0,0,1989,27303000
2714,4,2.0,12,1.0,1.0,21.6,1.0,Suburban,1,0,1,2014,39572000
590,1,1.0,41,1.0,1.0,25.9,2.0,Urban,1,0,1,1985,11207000
1213,3,2.0,18,2.0,1.0,0.8,1.0,Urban,1,0,0,2008,20895000
2381,4,2.0,39,2.5,1.0,29.0,1.0,Urban,1,0,0,1987,30782000
4102,6,4.0,49,2.0,1.0,10.6,3.0,Urban,0,0,1,1977,57897000
538,1,1.0,34,3.0,2.0,29.7,2.0,Rural,0,0,1,1992,9787000
3697,6,4.0,23,1.0,2.0,8.0,5.0,Suburban,1,0,1,2003,52679000
4022,6,4.0,23,2.5,1.0,14.4,1.0,Urban,1,0,0,2003,54797000
672,1,1.0,16,2.5,3.0,10.9,2.0,Urban,1,0,1,2010,12069000
1152,1,1.0,39,1.0,1.0,11.0,1.0,Urban,0,0,1,1987,17292000
1253,2,2.0,9,3.0,1.0,25.3,4.0,Suburban,1,0,1,2017,21898000
1743,1,1.0,1,1.0,2.0,22.5,4.0,Urban,1,0,1,2025,27878000
4209,6,4.0,43,2.5,2.0,29.8,2.0,Suburban,1,0,1,1983,57327000
1581,1,1.0,22,2.5,2.0,18.6,3.0,Urban,1,1,0,2004,26354000
2183,2,1.0,5,2.0,1.0,14.2,5.0,Rural,1,0,0,2021,29891000
3023,6,4.0,1,2.0,1.0,3.2,4.0,Urban,1,0,0,2025,47191000
955,1,1.0,20,1.0,2.0,29.9,3.0,Suburban,0,0,0,2006,15180000
1328,2,2.0,34,2.0,1.0,16.8,5.0,Suburban,1,0,0,1992,21815000
1394,3,3.0,48,1.5,2.0,21.2,4.0,Suburban,0,0,1,1978,18205000
1884,3,3.0,28,2.0,1.0,12.5,5.0,Suburban,1,0,1,1998,27483000
2458,6,4.0,6,2.0,2.0,16.7,1.0,Suburban,0,0,1,2020,38729000
3572,5,4.0,28,2.5,1.0,28.3,2.0,Suburban,1,0,1,1998,49600000
2934,5,4.0,36,1.0,1.0,5.4,4.0,Suburban,0,0,0,1990,44175000
2496,5,3.0,22,2.5,0.0,9.1,4.0,Rural,1,0,1,2004,33764000
2895,6,,32,3.0,2.0,5.0,1.0,Suburban,0,0,0,1994,43043000
689,1,1.0,7,2.0,2.0,23.9,4.0,,1,1,1,2019,15035000
1004,1,1.0,11,1.0,0.0,2.3,4.0,Urban,1,0,1,2015,16281000
1714,4,3.0,45,1.0,2.0,2.9,4.0,Suburban,1,0,1,1981,23499000
2031,4,3.0,47,1.0,1.0,9.3,4.0,Rural,0,0,0,1979,29542000
3940,6,4.0,9,2.0,0.0,15.7,4.0,Urban,1,0,1,2017,54703000
3980,5,4.0,14,2.0,1.0,12.5,3.0,Rural,0,0,0,2012,51062000
1323,3,3.0,23,3.0,1.0,1.8,4.0,Urban,1,1,1,2003,26390000
1428,2,2.0,25,1.5,1.0,28.7,1.0,Rural,1,0,1,2001,19213000
1433,2,2.0,46,1.0,1.0,28.6,4.0,Suburban,1,0,1,1980,21157000
1640,2,2.0,41,2.0,2.0,8.7,5.0,Urban,0,1,0,1985,27074000
633,1,1.0,38,2.5,2.0,22.1,5.0,Rural,1,1,1,1988,18347000
2605,3,2.0,2,3.0,2.0,17.6,1.0,Urban,1,0,1,2024,39578000
4127,5,3.0,1,2.5,0.0,7.5,3.0,Urban,0,0,0,2025,58640000
1184,2,2.0,5,1.5,3.0,8.2,1.0,Urban,1,0,1,2021,19659000
3219,4,2.0,20,2.0,2.0,15.0,3.0,Suburban,1,0,1,2006,47456000
2720,3,2.0,8,2.5,0.0,12.9,2.0,Rural,1,1,1,2018,37480000
2352,3,2.0,9,2.0,2.0,9.1,5.0,Urban,1,0,0,2017,34970000
1314,1,1.0,35,1.0,1.0,24.3,5.0,Suburban,0,0,0,1991,18037000
1672,3,3.0,2,1.0,1.0,14.7,5.0,Urban,1,0,1,2024,29769000
579,1,1.0,40,1.0,1.0,19.8,3.0,Suburban,1,0,0,1986,8436000
3433,5,4.0,23,2.0,1.0,6.1,1.0,Urban,0,0,0,2003,46017000
3784,6,4.0,21,1.0,2.0,16.2,3.0,Urban,0,0,1,2005,51551000
702,2,,48,1.0,1.0,9.9,5.0,Urban,1,0,1,1978,14088000
3311,5,4.0,13,1.0,0.0,16.0,5.0,Suburban,0,0,1,2013,48155000
1752,5,4.0,41,2.0,3.0,23.5,5.0,Rural,1,0,1,1985,28977000
2199,4,3.0,44,1.5,3.0,23.2,5.0,Suburban,0,0,1,1982,29214000
1750,4,3.0,43,2.0,2.0,10.9,,Urban,0,0,1,1983,25129000
2182,3,3.0,26,1.0,1.0,21.0,5.0,Suburban,0,0,1,2000,33304000
2055,3,2.0,32,1.0,0.0,28.3,3.0,Suburban,0,0,0,1994,26605000
4012,6,4.0,21,2.0,2.0,19.0,5.0,Urban,1,0,0,2005,57628000
3973,6,4.0,28,1.0,0.0,4.9,4.0,Urban,1,0,0,1998,60086000
2594,4,3.0,18,1.0,0.0,20.6,2.0,Urban,1,0,1,2008,32936000
1756,4,4.0,18,1.0,1.0,3.6,,Suburban,1,0,1,2008,29389000
3876,5,3.0,5,2.5,1.0,26.2,4.0,Suburban,1,0,0,2021,55219000
2049,1,1.0,44,2.0,0.0,15.7,3.0,Suburban,0,0,1,1982,24160000
1666,3,2.0,18,1.0,1.0,11.9,2.0,Urban,1,0,0,2008,25471000
3986,6,4.0,12,1.0,0.0,2.2,5.0,Urban,1,0,1,2014,55340000
4084,5,3.0,25,3.0,,11.7,3.0,Rural,1,1,1,2001,56780000
1896,4,3.0,21,2.0,0.0,27.1,4.0,Urban,1,0,1,2005,28657000
4137,6,4.0,20,1.5,1.0,1.1,2.0,Rural,0,0,0,2006,54501000
4457,5,3.0,35,2.0,2.0,14.5,5.0,Suburban,1,0,1,1991,61567000
3830,5,3.0,1,2.0,2.0,28.0,3.0,Urban,0,0,0,2025,54616000
3203,5,4.0,46,2.0,1.0,12.1,2.0,Suburban,1,0,1,1980,45222000
970,1,1.0,43,2.0,1.0,13.1,4.0,Rural,0,0,1,1983,16719000
3518,5,3.0,29,1.5,0.0,17.6,5.0,Suburban,1,0,1,1997,48668000
1535,2,2.0,26,1.0,0.0,14.2,2.0,Rural,1,0,1,2000,24804000
1853,4,3.0,6,3.0,1.0,5.5,4.0,Urban,0,0,1,2020,32041000
3283,5,3.0,19,2.0,1.0,1.0,4.0,Suburban,1,0,1,2007,49701000
3331,4,3.0,49,1.0,2.0,18.5,3.0,Rural,1,1,1,1977,43942000
1467,2,2.0,30,2.5,2.0,27.7,4.0,Rural,1,0,0,1996,22887000
857,2,,22,2.5,1.0,3.6,4.0,Suburban,1,0,1,2004,16135000
3519,5,4.0,12,3.0,0.0,6.7,1.0,Suburban,1,0,1,2014,51688000
3979,6,4.0,16,2.5,2.0,11.4,4.0,Urban,0,0,1,2010,59147000
1167,1,1.0,3,3.0,1.0,24.4,5.0,Urban,1,0,0,2023,20628000
872,1,1.0,13,1.0,2.0,8.4,2.0,Urban,1,0,0,2013,15971000
1531,2,2.0,19,2.5,1.0,26.5,5.0,Urban,1,0,1,2007,23434000
1645,3,3.0,12,2.5,2.0,2.1,5.0,Urban,1,0,0,2014,30907000
1871,2,1.0,2,1.0,2.0,28.3,3.0,Urban,0,0,1,2024,29516000
3223,5,3.0,25,1.0,3.0,17.0,1.0,Rural,0,0,1,2001,40631000
589,2,1.0,25,3.0,1.0,19.9,1.0,Suburban,0,0,1,2001,14587000
4219,6,4.0,17,1.0,1.0,11.3,5.0,Suburban,0,0,1,2009,59236000
3245,5,3.0,31,2.5,1.0,23.6,2.0,Rural,0,0,1,1995,42367000
3887,5,3.0,13,1.0,3.0,5.4,1.0,Urban,1,0,1,2013,56255000
3749,6,4.0,46,1.0,1.0,1.9,1.0,Suburban,0,1,1,1980,49768000
1039,1,1.0,2,2.0,0.0,12.2,5.0,Suburban,1,0,1,2024,21212000
3279,6,4.0,0,1.0,1.0,25.7,1.0,Urban,0,0,1,2026,44935000
1368,3,3.0,25,2.0,0.0,22.8,3.0,Suburban,1,0,1,2001,21357000
540,1,1.0,23,2.0,1.0,15.8,5.0,Urban,1,0,1,2003,12482000
1239,2,2.0,48,1.0,1.0,17.4,1.0,Urban,0,0,1,1978,16126000
4275,5,4.0,34,1.0,1.0,4.3,1.0,Urban,1,0,0,1992,55313000
2446,4,2.0,13,1.5,,25.3,1.0,Rural,1,0,1,2013,32004000
3049,5,4.0,2,1.0,3.0,23.7,5.0,Suburban,1,0,0,2024,44849000
3506,4,3.0,12,2.0,2.0,19.9,2.0,Suburban,0,0,1,2014,46939000
3716,6,4.0,46,1.5,2.0,14.3,4.0,Suburban,1,0,1,1980,53652000
1724,3,2.0,49,1.0,1.0,29.0,1.0,Urban,1,0,1,1977,23971000
1428,3,2.0,13,2.0,2.0,26.4,4.0,Suburban,0,0,1,2013,23265000
2536,4,2.0,20,1.0,1.0,19.5,4.0,Suburban,1,0,1,2006,37713000
4295,5,4.0,25,1.0,1.0,11.5,1.0,Urban,0,0,1,2001,56803000
3008,4,2.0,2,1.0,0.0,18.7,1.0,Suburban,0,1,0,2024,40281000
3279,5,3.0,50,2.5,1.0,17.5,4.0,Urban,1,0,1,1976,42481000
3299,6,4.0,39,3.0,0.0,12.1,2.0,Urban,1,0,1,1987,48344000
1424,2,2.0,3,2.5,3.0,9.5,4.0,Rural,0,0,1,2023,19732000
3456,6,4.0,35,1.0,0.0,12.5,,Suburban,1,0,0,1991,44066000
2081,1,2.0,50,1.0,1.0,17.4,3.0,Suburban,0,1,1,1976,28307000
4118,6,4.0,42,2.0,1.0,13.1,2.0,,0,0,1,1984,54396000
3824,6,4.0,0,2.0,1.0,8.3,5.0,Urban,1,0,1,2026,59579000
889,1,1.0,39,3.0,1.0,22.9,,Suburban,1,0,1,1987,11654000
2117,2,2.0,46,1.0,0.0,16.2,3.0,Suburban,0,0,1,1980,28631000
3430,6,4.0,32,1.0,2.0,2.5,4.0,Suburban,0,0,1,1994,48325000
755,1,1.0,6,2.0,1.0,11.4,2.0,Rural,1,0,1,2020,14188000
1208,2,1.0,10,2.5,,26.6,3.0,Rural,1,0,1,2016,19101000
2338,4,3.0,26,2.5,2.0,22.8,5.0,Suburban,1,0,1,2000,36298000
2444,3,3.0,13,2.0,2.0,10.0,2.0,Rural,0,0,1,2013,34683000
2997,3,1.0,21,3.0,2.0,28.2,4.0,Suburban,1,1,1,2005,42955000
509,1,1.0,15,2.0,2.0,2.8,4.0,Suburban,1,0,0,2011,10268000
3371,5,4.0,45,2.5,1.0,28.9,2.0,Urban,1,0,1,1981,45852000
1297,2,1.0,11,3.0,1.0,7.7,5.0,Suburban,1,1,1,2015,25084000
3813,6,4.0,48,2.5,2.0,0.8,1.0,Rural,1,0,1,1978,50461000
3822,6,4.0,45,1.0,2.0,13.3,1.0,Suburban,0,0,1,1981,50071000
1376,2,2.0,9,1.0,0.0,11.1,4.0,Suburban,0,0,1,2017,18655000
1528,2,2.0,23,2.0,1.0,16.4,5.0,Urban,0,0,1,2003,27385000
3690,6,4.0,45,2.0,2.0,24.0,4.0,Urban,0,0,0,1981,48243000
1515,2,1.0,17,2.5,1.0,25.4,1.0,Urban,1,0,0,2009,21327000
2324,2,1.0,21,1.0,1.0,12.3,4.0,Urban,1,0,1,2005,31783000
873,1,1.0,8,1.0,1.0,13.2,2.0,Suburban,0,0,1,2018,15020000
3636,6,4.0,16,2.0,2.0,4.9,2.0,Urban,1,0,1,2010,53289000
2693,5,3.0,37,1.0,3.0,1.9,5.0,Suburban,1,0,1,1989,41231000
723,2,1.0,39,1.0,,19.4,1.0,Suburban,1,0,1,1987,12178000
1762,3,3.0,12,1.5,,2.4,5.0,Urban,1,0,0,2014,32917000
2724,3,3.0,49,2.0,1.0,22.1,5.0,Urban,1,0,0,1977,37052000
2302,4,3.0,36,1.0,0.0,16.4,1.0,Rural,0,1,1,1990,29519000
1352,3,2.0,5,2.5,1.0,6.4,3.0,Urban,0,0,1,2021,23737000
3853,6,4.0,20,1.5,1.0,16.4,3.0,Urban,0,0,0,2006,51632000
562,1,1.0,50,2.5,1.0,5.9,4.0,Rural,1,0,1,1976,8726000
1740,3,3.0,35,2.0,2.0,13.4,3.0,Rural,0,0,1,1991,22215000
4425,6,4.0,6,1.0,2.0,24.1,2.0,Suburban,1,0,1,2020,58879000
3374,5,,35,1.0,1.0,14.1,5.0,Urban,1,0,1,1991,44529000
3342,4,4.0,24,1.0,1.0,4.9,4.0,Urban,1,0,0,2002,49608000
1188,2,2.0,10,2.0,3.0,21.9,5.0,Rural,1,1,1,2016,22126000
1984,4,4.0,43,1.0,1.0,6.0,1.0,Rural,0,0,0,1983,30071000
2133,3,3.0,13,1.5,2.0,22.3,3.0,Suburban,1,0,0,2013,33665000
2652,3,2.0,44,2.0,1.0,14.6,1.0,Urban,1,0,1,1982,37438000
3670,6,4.0,28,1.0,2.0,13.9,4.0,Urban,0,0,1,1998,51718000
1010,1,1.0,9,1.0,2.0,25.6,2.0,Urban,0,0,0,2017,17215000
884,1,1.0,49,2.0,2.0,21.4,3.0,Suburban,1,0,1,1977,11459000
904,2,2.0,47,3.0,2.0,1.5,1.0,Urban,0,1,1,1979,15430000
3370,5,3.0,4,1.0,3.0,9.2,3.0,Rural,0,0,1,2022,47386000
1017,1,1.0,7,1.0,1.0,26.2,5.0,Urban,1,0,1,2019,15246000
975,1,1.0,45,3.0,,1.0,2.0,Suburban,0,0,1,1981,13506000
2500,2,1.0,4,1.0,1.0,16.6,3.0,Urban,0,0,1,2022,36700000
3256,5,3.0,23,3.0,2.0,22.0,2.0,Suburban,1,0,1,2003,44662000
4434,6,4.0,39,1.0,2.0,18.8,,Urban,1,0,0,1987,59140000
2168,3,2.0,25,2.5,1.0,22.9,5.0,Suburban,1,0,1,2001,31359000
2393,4,2.0,5,1.0,0.0,21.9,1.0,Suburban,1,0,1,2021,35130000
3318,6,4.0,15,3.0,2.0,20.9,4.0,Urban,0,1,0,2011,50916000
1960,2,2.0,35,1.0,1.0,24.7,1.0,Rural,0,0,1,1991,23773000
3594,6,,11,2.0,1.0,19.5,2.0,Suburban,1,0,0,2015,50515000
3544,4,3.0,10,1.0,2.0,12.4,1.0,Rural,1,1,1,2016,49991000
4136,6,4.0,2,1.0,1.0,14.4,3.0,Rural,0,1,1,2024,60029000
3224,4,4.0,43,2.0,0.0,21.6,1.0,Rural,0,0,1,1983,39689000
1213,1,1.0,36,2.0,1.0,26.4,4.0,Urban,0,0,1,1990,17893000
4029,6,4.0,5,3.0,1.0,8.5,4.0,Urban,1,0,1,2021,61092000
582,1,1.0,18,1.5,1.0,10.6,2.0,Rural,0,0,1,2008,10697000
1668,3,2.0,17,2.5,1.0,28.0,5.0,Suburban,1,0,1,2009,24107000
3656,6,4.0,15,1.5,1.0,17.6,4.0,Urban,0,1,0,2011,51744000
3649,5,4.0,22,3.0,1.0,5.8,2.0,Suburban,1,0,1,2004,49411000
3004,3,3.0,42,3.0,0.0,20.1,4.0,Urban,1,0,1,1984,40453000
2401,5,4.0,36,1.0,1.0,29.7,4.0,Suburban,1,0,1,1990,35421000
2548,4,3.0,8,2.5,3.0,24.8,5.0,Rural,1,0,1,2018,41719000
550,3,2.0,2,2.5,1.0,22.5,3.0,Suburban,1,0,1,2024,13923000
1184,1,2.0,7,1.0,2.0,6.6,2.0,Urban,0,0,0,2019,20966000
1216,3,2.0,37,2.0,2.0,26.3,4.0,Suburban,0,0,1,1989,21351000
4343,6,4.0,3,1.0,1.0,16.0,4.0,Suburban,1,0,0,2023,63091000
1969,3,3.0,11,2.5,2.0,26.7,1.0,Suburban,1,0,0,2015,31165000
948,3,2.0,43,1.0,1.0,10.2,3.0,Urban,1,0,0,1983,14938000
1380,2,2.0,30,1.0,2.0,2.3,5.0,Suburban,1,0,1,1996,20055000
987,1,1.0,24,1.5,1.0,14.5,2.0,Suburban,1,0,1,2002,14136000
2323,1,1.0,15,2.0,2.0,8.5,4.0,Suburban,1,1,0,2011,34335000
2581,4,3.0,41,2.5,0.0,21.6,2.0,Rural,1,1,0,1985,33602000
3919,5,4.0,13,3.0,2.0,28.7,5.0,Suburban,1,0,1,2013,52592000
2642,4,3.0,12,1.5,0.0,20.9,3.0,Urban,1,0,1,2014,36465000
3643,5,4.0,40,1.0,2.0,26.7,1.0,Suburban,1,0,1,1986,53155000
2074,3,2.0,6,2.0,1.0,13.9,3.0,Suburban,1,1,1,2020,32311000
2701,5,3.0,11,2.0,2.0,23.3,1.0,Urban,1,0,1,2015,43083000
749,1,1.0,36,1.5,1.0,25.4,2.0,Suburban,1,0,1,1990,10778000
1173,2,1.0,49,1.0,1.0,21.5,3.0,Urban,1,0,1,1977,18519000
937,3,2.0,3,2.0,2.0,15.5,3.0,Urban,0,0,1,2023,19010000
2665,4,3.0,1,1.0,3.0,19.0,3.0,Rural,1,0,1,2025,38836000
1270,2,2.0,34,2.0,0.0,21.2,5.0,Rural,0,0,1,1992,19922000
4462,6,4.0,43,2.0,2.0,8.0,2.0,Suburban,1,0,1,1983,58619000
3877,6,3.0,2,2.5,2.0,24.4,1.0,Suburban,0,0,0,2024,51148000
767,2,1.0,3,2.0,2.0,28.5,3.0,Rural,0,0,1,2023,12379000
2484,3,3.0,37,1.0,1.0,14.2,2.0,Rural,1,0,1,1989,31128000
1577,3,2.0,11,2.5,1.0,21.2,5.0,,1,0,1,2015,26462000
735,1,1.0,18,2.0,2.0,22.2,5.0,Suburban,1,0,1,2008,11081000
888,2,2.0,9,1.0,1.0,20.0,2.0,Suburban,0,0,1,2017,15931000
3537,5,3.0,0,2.0,1.0,16.6,1.0,Urban,0,1,1,2026,53208000
4305,5,4.0,16,1.5,0.0,26.5,2.0,Suburban,0,0,1,2010,55681000
1262,3,2.0,15,2.5,1.0,13.7,2.0,Suburban,1,0,1,2011,20068000
2348,1,1.0,8,2.0,2.0,2.3,4.0,Rural,1,0,1,2018,36680000
2948,4,3.0,8,2.0,2.0,25.4,5.0,Rural,1,1,1,2018,46199000
1123,1,1.0,8,1.0,1.0,20.4,1.0,Urban,1,0,1,2018,18556000
3314,4,3.0,11,1.5,0.0,25.6,4.0,Suburban,1,0,1,2015,44593000
3874,5,4.0,40,3.0,1.0,4.6,2.0,Urban,0,0,1,1986,53745000
3466,6,4.0,14,2.5,1.0,1.4,5.0,Urban,1,0,1,2012,50551000
3778,6,4.0,1,1.0,1.0,28.1,4.0,Rural,1,0,1,2025,50381000
1752,2,3.0,10,1.0,,4.9,4.0,Suburban,0,1,1,2016,29741000
3400,6,4.0,10,1.0,2.0,24.4,1.0,Suburban,0,0,1,2016,46491000
4481,6,4.0,7,2.0,0.0,24.8,2.0,Urban,0,1,0,2019,58284000
1077,1,1.0,31,2.0,2.0,21.4,1.0,Suburban,1,0,1,1995,16609000
2622,5,4.0,5,2.0,1.0,4.4,4.0,Suburban,1,1,1,2021,44833000
934,2,1.0,19,2.0,2.0,20.2,4.0,Urban,1,0,1,2007,18939000
2650,4,3.0,38,2.5,0.0,26.7,1.0,Urban,1,0,1,1988,35166000
3993,5,3.0,34,1.5,2.0,13.1,4.0,Urban,1,0,1,1992,50997000
4275,6,4.0,7,1.0,1.0,12.7,3.0,Suburban,1,0,0,2019,59264000
1263,1,1.0,49,2.0,1.0,13.6,5.0,Rural,1,0,1,1977,16250000
3285,5,4.0,48,3.0,0.0,2.9,2.0,Rural,0,0,0,1978,41415000
3353,5,4.0,42,2.0,1.0,26.8,5.0,Rural,0,0,1,1984,41359000
1829,4,3.0,33,2.0,0.0,26.1,2.0,Rural,1,0,1,1993,28878000
2645,4,4.0,18,2.0,1.0,29.9,4.0,Rural,1,0,1,2008,35587000
4421,6,4.0,6,3.0,0.0,17.8,1.0,Suburban,1,0,0,2020,56692000
3345,5,3.0,30,1.5,2.0,22.7,1.0,Suburban,1,1,1,1996,49196000
1858,3,3.0,17,1.0,0.0,6.5,4.0,Suburban,0,1,0,2009,29340000
3406,5,3.0,39,3.0,2.0,20.2,2.0,Rural,0,0,1,1987,44557000
2982,3,2.0,13,2.5,0.0,19.7,4.0,Urban,1,0,1,2013,42903000
946,2,2.0,38,1.0,3.0,27.1,2.0,Urban,1,0,1,1988,16434000
2517,5,3.0,35,2.0,3.0,25.0,4.0,Rural,0,0,1,1991,35954000
1831,4,,16,1.5,1.0,28.2,4.0,Urban,1,0,1,2010,26405000
748,1,2.0,36,1.0,2.0,26.1,4.0,Rural,0,0,1,1990,8456000
665,1,1.0,43,3.0,0.0,26.1,1.0,Suburban,1,0,0,1983,7901000
4052,4,3.0,8,1.5,3.0,2.4,2.0,Urban,1,0,0,2018,55362000
3531,6,4.0,19,2.5,1.0,25.5,4.0,Suburban,0,0,1,2007,49281000
1858,4,3.0,44,1.0,0.0,18.4,5.0,Rural,0,1,1,1982,27670000
1519,3,2.0,27,2.0,1.0,11.7,5.0,Urban,0,0,1,1999,24599000
1041,2,1.0,49,1.0,0.0,2.2,1.0,Suburban,1,0,0,1977,12817000
1258,2,2.0,19,2.0,1.0,20.5,3.0,Rural,1,0,1,2007,19975000
3677,6,4.0,40,2.0,2.0,10.2,1.0,Urban,0,0,0,1986,51311000
4134,6,4.0,35,2.0,1.0,14.3,3.0,Urban,1,0,0,1991,55092000
2628,4,3.0,26,1.0,1.0,20.6,1.0,Urban,0,0,1,2000,33763000
2680,5,3.0,7,1.0,0.0,27.4,5.0,Urban,0,0,1,2019,40471000
1296,2,3.0,31,1.0,1.0,24.9,4.0,Urban,0,0,1,1995,19806000
3447,6,4.0,0,1.0,0.0,13.8,2.0,Suburban,0,0,1,2026,50374000
637,1,1.0,16,2.0,2.0,11.9,4.0,Urban,1,0,0,2010,12247000
2731,3,2.0,8,2.0,0.0,7.6,5.0,Rural,0,0,0,2018,35984000
3972,6,4.0,19,2.0,1.0,11.5,2.0,Urban,1,0,1,2007,54540000
1853,4,4.0,44,2.0,1.0,3.8,3.0,Suburban,1,0,0,1982,28994000
3332,6,4.0,31,1.0,1.0,29.1,3.0,Suburban,1,0,1,1995,45356000
4079,6,4.0,1,1.0,2.0,17.4,5.0,Rural,1,0,1,2025,57396000
2375,2,2.0,31,1.0,1.0,4.3,2.0,Suburban,1,0,0,1995,30958000
3531,5,4.0,44,2.5,1.0,10.9,4.0,Urban,1,0,1,1982,51264000
568,1,1.0,8,2.0,1.0,16.6,5.0,Rural,0,0,1,2018,12594000
3093,4,3.0,29,1.0,1.0,16.2,3.0,Urban,1,1,1,1997,41470000
4345,6,4.0,19,1.0,1.0,1.5,5.0,Urban,1,0,1,2007,63142000
2600,5,4.0,37,2.5,1.0,28.5,4.0,Suburban,1,0,1,1989,38690000
1973,3,2.0,0,2.0,2.0,8.6,1.0,Suburban,1,0,1,2026,32305000
704,1,1.0,4,2.0,0.0,1.0,1.0,Urban,1,0,0,2022,12969000
2673,5,3.0,34,1.5,1.0,2.8,4.0,Suburban,1,0,1,1992,37293000
4318,6,4.0,35,1.0,0.0,17.6,2.0,Suburban,0,0,0,1991,55866000
542,1,2.0,0,3.0,1.0,4.6,5.0,Rural,0,0,1,2026,13669000
4323,6,4.0,13,2.0,1.0,1.7,4.0,Urban,1,0,0,2013,63462000
2406,5,3.0,8,1.0,2.0,11.7,1.0,Urban,0,0,1,2018,37478000
2658,4,3.0,29,2.5,2.0,18.9,3.0,Suburban,1,0,1,1997,38305000
1260,2,2.0,23,2.0,0.0,3.8,4.0,Urban,1,1,1,2003,22679000
4234,6,,3,1.0,1.0,9.7,4.0,Suburban,1,0,0,2023,59472000
3754,6,4.0,49,1.5,1.0,12.8,4.0,Suburban,1,0,0,1977,50055000
3395,6,4.0,13,1.0,0.0,5.2,1.0,Suburban,1,1,1,2013,50121000
2642,3,3.0,24,1.0,2.0,15.4,1.0,Rural,1,0,1,2002,32496000
2494,4,3.0,3,2.0,2.0,3.0,4.0,Rural,0,0,1,2023,37552000
3945,5,3.0,24,1.0,2.0,1.9,4.0,Suburban,1,0,1,2002,56381000
2435,3,2.0,9,2.5,0.0,15.8,2.0,Rural,1,0,0,2017,31417000
4091,6,,34,3.0,1.0,7.8,3.0,Urban,1,0,1,1992,60566000
1399,3,3.0,6,1.0,2.0,3.3,5.0,Suburban,1,0,1,2020,23681000
859,1,1.0,41,2.0,2.0,13.0,5.0,Suburban,0,0,0,1985,13115000
3447,6,4.0,12,2.5,2.0,27.5,5.0,Rural,1,0,1,2014,51510000
2219,4,3.0,3,2.0,0.0,21.9,1.0,Suburban,1,0,1,2023,35387000
780,3,2.0,49,2.0,1.0,24.6,1.0,Suburban,1,0,0,1977,12526000
3766,6,4.0,42,1.0,1.0,26.2,2.0,Rural,1,0,0,1984,49186000
2387,3,,35,2.0,0.0,29.2,1.0,Suburban,1,0,1,1991,34255000
3766,5,4.0,13,2.0,1.0,23.0,4.0,Suburban,1,0,0,2013,50051000
1166,1,1.0,17,3.0,2.0,18.4,3.0,Urban,1,0,1,2009,16786000
592,2,2.0,7,1.0,1.0,11.3,3.0,Urban,0,0,1,2019,10346000
1171,1,1.0,31,3.0,1.0,5.9,3.0,Rural,1,0,0,1995,15599000
2469,5,,26,1.0,2.0,20.8,3.0,Suburban,0,1,1,2000,35949000
560,1,1.0,41,3.0,1.0,29.9,5.0,Suburban,0,1,1,1985,12010000
3181,4,3.0,36,2.0,2.0,14.3,5.0,Urban,1,0,1,1990,47182000
3622,5,4.0,22,2.0,1.0,21.8,4.0,Urban,0,0,1,2004,52517000
3974,5,4.0,6,2.0,1.0,15.1,2.0,Urban,1,0,0,2020,57134000
4360,6,4.0,11,1.0,3.0,13.2,1.0,Suburban,0,1,1,2015,58652000
1528,4,3.0,24,1.0,,12.6,1.0,,1,1,1,2002,26768000
1989,2,1.0,2,1.0,0.0,15.4,5.0,Urban,0,0,1,2024,28920000
1103,1,1.0,25,1.0,2.0,11.3,3.0,Suburban,1,0,1,2001,18408000
1181,2,1.0,3,1.0,0.0,22.6,4.0,Suburban,1,0,1,2023,19781000
4400,6,4.0,41,2.0,0.0,26.3,2.0,Urban,1,0,1,1985,59639000
3081,5,4.0,35,2.0,,26.5,5.0,Suburban,1,1,1,1991,49166000
1928,4,3.0,14,1.0,1.0,7.2,4.0,Rural,0,0,1,2012,29259000
3385,6,4.0,31,2.5,2.0,26.9,4.0,Suburban,0,0,1,1995,45711000
4084,5,4.0,28,2.0,2.0,10.6,5.0,Rural,1,0,0,1998,52593000
3192,5,4.0,9,3.0,3.0,9.6,4.0,Rural,1,1,1,2017,46732000
2780,6,3.0,20,2.0,2.0,21.9,3.0,Urban,0,0,1,2006,43305000
1023,1,1.0,15,1.0,1.0,9.5,4.0,Urban,0,0,0,2011,18309000
2893,4,3.0,46,2.0,2.0,2.1,2.0,Suburban,1,0,1,1980,40020000
3617,5,4.0,18,2.0,3.0,11.5,4.0,,1,1,1,2008,53805000
3093,4,2.0,28,1.0,2.0,21.8,1.0,Suburban,1,0,1,1998,42223000
2468,2,1.0,50,1.0,2.0,10.1,4.0,Urban,0,1,0,1976,30975000
1601,1,2.0,17,1.0,3.0,19.1,5.0,Suburban,1,0,1,2009,26837000
2253,4,3.0,43,1.0,0.0,20.0,1.0,Urban,0,0,1,1983,31100000
2336,5,4.0,15,1.5,2.0,22.1,5.0,Rural,1,0,0,2011,33026000
4494,6,4.0,0,2.0,2.0,27.0,2.0,Urban,1,0,1,2026,63270000
3644,5,3.0,47,1.0,3.0,13.3,3.0,Rural,1,0,1,1979,45423000
3341,6,4.0,1,2.0,1.0,5.4,2.0,Urban,1,0,1,2025,50877000
2796,3,2.0,14,2.0,1.0,9.9,1.0,Urban,0,0,1,2012,38994000
2594,2,3.0,38,1.0,2.0,13.2,3.0,Urban,1,0,1,1988,34010000
1644,2,2.0,27,1.0,1.0,21.6,4.0,Rural,1,0,0,1999,23688000
2761,4,3.0,0,1.0,2.0,0.9,1.0,Urban,0,0,1,2026,42267000
2786,3,2.0,4,1.5,1.0,9.8,3.0,Suburban,0,0,1,2022,38336000
1579,2,2.0,41,1.0,1.0,23.5,5.0,Rural,1,0,1,1985,23289000
2897,5,4.0,21,1.5,1.0,20.3,3.0,Suburban,1,0,0,2005,40881000
606,1,1.0,35,2.0,1.0,22.1,5.0,Urban,1,1,0,1991,14798000
3378,5,4.0,45,2.0,1.0,24.4,5.0,Rural,1,0,0,1981,45076000
547,1,1.0,12,1.0,1.0,23.6,3.0,Rural,1,0,1,2014,12050000
4144,6,4.0,0,1.0,1.0,20.6,2.0,Suburban,1,0,0,2026,55485000
836,1,1.0,15,2.0,1.0,13.5,2.0,Suburban,1,0,1,2011,12814000
1549,3,2.0,40,2.5,0.0,29.5,5.0,Rural,1,0,1,1986,20818000
3351,4,3.0,21,2.0,1.0,17.3,1.0,Rural,1,0,0,2005,44066000
1780,4,3.0,31,2.0,1.0,6.5,3.0,Suburban,0,0,1,1995,27083000
2555,5,4.0,15,1.5,2.0,9.1,1.0,Rural,1,0,0,2011,37239000
1124,3,2.0,50,1.5,1.0,21.0,2.0,Urban,1,0,1,1976,15186000
2390,5,3.0,14,2.5,0.0,27.8,1.0,Urban,0,0,1,2012,33613000
1776,1,2.0,45,1.0,2.0,5.8,4.0,Urban,0,1,1,1981,28700000
2215,4,2.0,41,3.0,1.0,2.9,4.0,Urban,1,0,0,1985,33941000
3266,6,4.0,11,2.0,3.0,26.5,2.0,Suburban,1,1,1,2015,49669000
802,1,1.0,0,2.0,2.0,27.5,1.0,Suburban,1,0,1,2026,13826000
1138,2,2.0,16,1.0,1.0,8.7,3.0,Urban,1,0,1,2010,20556000
555,1,1.0,40,2.0,1.0,11.6,2.0,Suburban,0,1,0,1986,9156000
1225,3,2.0,50,2.0,1.0,20.0,4.0,Urban,1,0,1,1976,16357000
1025,2,2.0,49,1.0,0.0,10.2,2.0,Rural,0,0,1,1977,15112000
973,1,1.0,27,1.0,0.0,26.4,1.0,Rural,1,0,1,1999,12639000
527,2,1.0,6,2.5,1.0,3.7,1.0,,1,0,1,2020,11756000
2625,4,3.0,8,2.0,2.0,1.6,1.0,Rural,1,1,1,2018,38908000
3787,6,4.0,21,1.5,1.0,6.7,5.0,Urban,1,1,1,2005,55290000
3957,6,4.0,25,1.0,0.0,8.9,1.0,Suburban,1,0,0,2001,55602000
864,1,1.0,11,2.0,2.0,3.8,4.0,Rural,1,0,1,2015,17004000
3213,5,4.0,6,2.0,1.0,2.4,4.0,Urban,1,0,1,2020,46555000
1025,2,2.0,45,2.0,1.0,22.8,5.0,Suburban,1,0,0,1981,14101000
3246,5,4.0,46,2.0,1.0,5.3,4.0,Urban,1,0,1,1980,46521000
1835,3,2.0,14,1.5,1.0,27.5,4.0,Urban,0,0,0,2012,28227000
1382,1,1.0,37,2.0,3.0,11.4,2.0,Suburban,1,1,1,1989,22072000
1530,2,2.0,20,1.0,0.0,20.3,1.0,Rural,1,0,1,2006,20324000
1526,3,2.0,13,3.0,1.0,7.1,2.0,Suburban,0,0,1,2013,23304000
2146,3,2.0,1,2.0,1.0,7.6,2.0,Rural,1,0,0,2025,32134000
1418,1,1.0,7,1.0,1.0,17.5,4.0,Rural,0,0,0,2019,21449000
3297,5,3.0,44,1.5,1.0,17.0,3.0,Urban,1,1,0,1982,48334000
2910,6,4.0,5,2.5,2.0,23.2,1.0,Suburban,0,0,1,2021,44043000
2274,3,2.0,36,1.0,2.0,22.9,3.0,Suburban,1,0,1,1990,29744000
2031,3,2.0,36,1.0,1.0,20.3,4.0,Suburban,1,0,1,1990,29185000
3845,6,4.0,32,2.0,1.0,13.7,5.0,Urban,1,1,1,1994,55397000
4077,6,4.0,40,1.0,2.0,26.8,2.0,Rural,0,0,1,1986,50728000
3353,6,4.0,5,2.0,1.0,18.9,4.0,Suburban,0,0,0,2021,45489000
3286,6,4.0,25,1.0,1.0,29.7,4.0,Suburban,0,0,1,2001,49948000
2406,3,2.0,38,2.0,1.0,24.7,3.0,Suburban,1,0,1,1988,31591000
3586,6,3.0,40,1.0,1.0,1.8,5.0,Urban,0,1,1,1986,51381000
1715,3,3.0,36,1.0,1.0,10.0,2.0,Suburban,1,0,1,1990,25398000
2154,3,2.0,13,2.5,2.0,17.4,5.0,Rural,1,0,1,2013,32529000
984,1,1.0,36,2.0,2.0,21.8,5.0,Rural,1,0,1,1990,10576000
2575,5,3.0,7,1.5,0.0,16.7,5.0,Urban,0,1,0,2019,40273000
1213,2,2.0,38,1.0,0.0,23.7,1.0,Suburban,1,0,1,1988,19711000
1562,4,2.0,12,2.0,2.0,8.8,5.0,Suburban,0,0,0,2014,26346000
2476,5,4.0,12,2.0,1.0,5.9,4.0,Urban,1,0,1,2014,42512000
1796,3,3.0,39,3.0,2.0,2.1,1.0,,1,1,0,1987,28536000
1754,3,3.0,42,3.0,0.0,17.4,1.0,Suburban,0,1,0,1984,24516000
2633,3,1.0,27,2.0,1.0,20.8,5.0,Suburban,0,0,1,1999,36513000
4045,6,4.0,17,1.5,,10.1,4.0,Urban,1,0,1,2009,57591000
625,2,1.0,18,2.0,2.0,18.6,2.0,Urban,1,0,1,2008,13368000
3359,6,4.0,37,2.0,0.0,2.0,5.0,Urban,1,0,0,1989,47651000
1036,2,2.0,31,1.0,1.0,3.4,1.0,Urban,1,0,1,1995,14586000
2692,6,4.0,21,1.0,1.0,21.2,2.0,Suburban,1,0,1,2005,40194000
4096,6,4.0,1,1.0,2.0,11.4,2.0,Urban,1,0,1,2025,58492000
3783,5,4.0,12,1.0,3.0,20.3,1.0,Urban,1,0,0,2014,55497000
2572,4,3.0,22,1.0,3.0,25.0,2.0,Rural,1,0,0,2004,35203000
2103,4,3.0,24,2.0,3.0,25.7,4.0,Urban,1,1,1,2002,31623000
3965,5,4.0,27,2.0,0.0,5.6,4.0,Suburban,0,1,1,1999,55836000
566,1,2.0,10,2.0,0.0,14.8,5.0,Rural,1,0,1,2016,12330000
732,2,2.0,32,1.0,0.0,22.2,5.0,Suburban,0,0,1,1994,12253000
2656,4,3.0,23,1.0,1.0,23.3,2.0,Suburban,0,0,1,2003,37449000
1669,4,4.0,1,2.0,2.0,23.6,1.0,Suburban,1,0,1,2025,28557000
2658,5,4.0,29,1.0,2.0,7.2,4.0,Urban,1,0,1,1997,38209000
2775,6,4.0,16,2.0,1.0,6.2,3.0,Suburban,0,0,1,2010,40771000
610,1,2.0,39,3.0,2.0,17.9,5.0,Suburban,1,0,0,1987,14349000
1993,4,3.0,33,1.0,2.0,22.4,4.0,Urban,1,0,0,1993,28638000
2581,3,2.0,37,1.0,1.0,9.9,2.0,Suburban,0,0,1,1989,33686000
1122,1,1.0,21,2.0,0.0,3.6,4.0,Rural,1,0,1,2005,17780000
4347,5,4.0,4,3.0,1.0,21.6,4.0,,1,0,1,2022,59261000
3940,6,4.0,47,2.0,1.0,9.3,2.0,Suburban,0,0,0,1979,51774000
3295,5,4.0,39,2.5,1.0,5.4,5.0,Suburban,1,0,0,1987,46533000
3142,4,3.0,50,1.0,1.0,4.9,5.0,Rural,1,0,1,1976,41230000
4125,5,3.0,15,3.0,0.0,9.8,3.0,Rural,1,0,1,2011,52691000
2972,4,3.0,12,1.0,3.0,18.0,3.0,Suburban,0,1,1,2014,43377000
3160,5,4.0,25,1.0,1.0,11.1,5.0,Urban,1,0,1,2001,45277000
2041,4,3.0,30,2.5,1.0,1.1,5.0,Urban,0,0,1,1996,34590000
3239,5,3.0,38,3.0,3.0,3.4,5.0,Urban,1,0,1,1988,48534000
1805,3,2.0,47,1.0,1.0,9.1,5.0,Suburban,0,0,0,1979,24259000
3891,6,4.0,22,1.0,1.0,20.0,4.0,Suburban,1,0,1,2004,53245000
2261,5,4.0,47,1.0,2.0,3.4,3.0,Rural,1,0,0,1979,32384000
4014,5,4.0,11,1.0,1.0,17.0,,Suburban,0,0,0,2015,53211000
2475,3,1.0,13,1.0,2.0,4.0,1.0,Suburban,0,1,1,2013,32595000
2862,4,2.0,17,3.0,1.0,6.7,2.0,Suburban,0,1,1,2009,41948000
1376,3,3.0,26,2.0,0.0,5.6,1.0,Urban,0,0,1,2000,22849000
2489,3,1.0,27,2.0,1.0,2.5,4.0,Suburban,1,0,1,1999,36705000
4312,6,4.0,17,2.0,1.0,20.3,3.0,Suburban,1,0,0,2009,60474000
3948,6,4.0,15,2.0,2.0,14.2,1.0,Rural,1,0,0,2011,51872000
1812,2,2.0,15,2.0,2.0,25.0,5.0,Urban,1,1,1,2011,31476000
1960,3,3.0,12,2.0,3.0,3.4,4.0,Rural,1,0,1,2014,28842000
3209,4,3.0,28,1.0,2.0,4.8,1.0,Suburban,0,0,1,1998,43670000
2824,3,2.0,8,2.0,1.0,9.5,5.0,Urban,1,0,1,2018,40713000
2233,4,2.0,25,2.0,2.0,23.1,4.0,Urban,1,0,1,2001,34643000
2105,2,2.0,27,2.5,2.0,9.5,1.0,Urban,1,0,1,1999,27576000
2026,1,2.0,40,3.0,2.0,12.5,5.0,Suburban,1,1,0,1986,31013000
3171,5,3.0,12,1.5,2.0,9.4,3.0,Urban,1,0,1,2014,45187000
3063,6,4.0,35,2.0,1.0,2.9,4.0,Suburban,1,1,1,1991,46763000
3921,6,4.0,8,1.0,1.0,28.2,1.0,Rural,0,0,1,2018,52633000
3390,5,3.0,46,2.0,2.0,16.7,5.0,Suburban,0,0,1,1980,47057000
4017,6,4.0,13,1.5,,23.7,3.0,Suburban,1,0,1,2013,55655000
4401,6,4.0,50,1.0,1.0,19.9,5.0,Urban,1,0,0,1976,56815000
2897,3,1.0,11,1.5,2.0,15.7,3.0,Suburban,0,0,1,2015,42472000
2130,4,4.0,31,2.0,1.0,3.1,1.0,Urban,1,1,0,1995,32952000
4235,6,4.0,37,1.0,0.0,19.5,5.0,Rural,1,0,1,1989,55797000
3370,6,4.0,2,3.0,0.0,5.1,5.0,Urban,1,0,1,2024,54278000
1660,1,1.0,15,1.0,2.0,12.7,2.0,Suburban,0,0,1,2011,21818000
1258,1,1.0,19,3.0,1.0,19.1,4.0,Suburban,1,0,1,2007,20042000
3446,5,4.0,31,2.0,2.0,23.6,5.0,Suburban,1,0,0,1995,48703000
742,2,2.0,22,1.0,1.0,20.7,3.0,Rural,0,0,1,2004,11844000
3090,6,4.0,16,1.5,1.0,20.3,4.0,Urban,1,1,1,2010,47843000
1563,3,2.0,15,2.0,1.0,4.9,1.0,Urban,1,0,1,2011,24158000
728,1,1.0,37,2.0,2.0,10.7,4.0,Suburban,1,0,0,1989,12728000
3095,4,2.0,7,2.0,1.0,1.8,2.0,Suburban,0,0,0,2019,43408000
1419,4,3.0,18,1.5,3.0,21.7,1.0,Suburban,1,0,1,2008,25843000
1746,2,1.0,29,2.0,3.0,28.6,5.0,Urban,0,0,1,1997,29393000
505,1,1.0,33,3.0,2.0,8.3,1.0,Suburban,1,1,0,1993,11079000
3893,5,4.0,13,1.0,3.0,3.1,1.0,Rural,1,1,1,2013,56279000
967,2,2.0,21,1.5,1.0,14.5,2.0,Suburban,1,0,1,2005,15043000
2255,3,2.0,43,1.0,1.0,25.8,3.0,Rural,1,0,1,1983,33114000
574,2,2.0,16,2.0,2.0,16.8,1.0,Suburban,1,0,1,2010,11685000
503,1,1.0,14,2.0,2.0,1.9,3.0,Urban,1,1,1,2012,13960000
2370,5,4.0,49,1.0,,29.2,4.0,Urban,1,1,0,1977,36569000
1145,2,2.0,47,1.0,2.0,24.9,2.0,Suburban,0,0,1,1979,17342000
617,1,1.0,31,1.0,3.0,4.4,5.0,Suburban,0,0,0,1995,11969000
3428,5,3.0,12,1.5,1.0,27.7,1.0,Suburban,0,1,1,2014,43721000
2129,3,3.0,20,1.5,2.0,13.8,3.0,Suburban,1,0,1,2006,32943000
3051,5,4.0,48,3.0,2.0,11.5,,Rural,1,1,0,1978,40171000
2521,3,1.0,39,2.0,2.0,14.1,,Suburban,1,0,1,1987,35121000
1446,1,1.0,32,1.0,1.0,25.1,5.0,Suburban,0,0,1,1994,21714000
3121,5,3.0,26,2.5,2.0,20.0,4.0,Urban,1,0,0,2000,45568000
1964,3,2.0,34,2.0,2.0,2.2,4.0,Suburban,0,0,1,1992,30835000
693,1,1.0,15,2.0,1.0,28.7,3.0,Rural,1,1,1,2011,11895000
1346,1,1.0,27,1.0,2.0,4.9,4.0,Urban,1,0,1,1999,24043000
3262,4,2.0,33,1.5,1.0,22.5,3.0,Rural,0,0,1,1993,42184000
1915,3,2.0,46,3.0,3.0,19.3,5.0,Rural,1,0,1,1980,27400000
3597,6,4.0,0,2.0,1.0,6.0,1.0,Suburban,0,0,0,2026,53000000
1958,1,1.0,40,1.0,1.0,5.5,2.0,Urban,1,0,0,1986,24872000
2720,5,3.0,47,2.0,1.0,26.2,5.0,Urban,1,0,1,1979,35272000
3871,6,4.0,30,2.5,2.0,12.9,,Urban,1,0,1,1996,53490000
2168,1,2.0,35,1.0,0.0,19.8,4.0,Urban,1,0,0,1991,31874000
2873,5,4.0,43,2.0,2.0,15.4,4.0,Suburban,1,1,1,1983,42736000
1933,4,4.0,32,3.0,3.0,22.0,2.0,Urban,1,0,1,1994,30956000
1641,3,2.0,32,1.0,2.0,14.6,1.0,Suburban,1,0,1,1994,25264000
3383,4,3.0,38,2.0,0.0,9.0,5.0,Urban,1,1,1,1988,48822000
2310,4,3.0,17,2.0,3.0,11.2,4.0,Urban,0,0,1,2009,35726000
1223,2,2.0,22,2.0,2.0,25.8,5.0,Suburban,1,0,1,2004,19974000
724,2,2.0,22,1.5,1.0,14.3,1.0,Rural,0,0,1,2004,9427000
1031,4,3.0,14,1.0,0.0,6.8,3.0,Suburban,0,0,1,2012,17250000
612,1,1.0,25,2.0,1.0,28.1,1.0,Suburban,0,0,1,2001,9838000
2687,3,2.0,29,1.0,2.0,24.0,5.0,Suburban,0,1,0,1997,37660000
1058,1,1.0,24,1.5,0.0,2.1,5.0,Suburban,0,0,1,2002,18221000
2548,3,3.0,44,1.0,1.0,30.0,2.0,Rural,0,1,1,1982,32718000
2637,4,3.0,15,1.0,2.0,21.0,5.0,Urban,1,0,1,2011,37965000
1153,1,1.0,38,3.0,1.0,5.2,4.0,,0,0,1,1988,17208000
819,1,2.0,47,1.5,,7.5,2.0,Urban,0,0,1,1979,13525000
2073,2,1.0,44,3.0,2.0,20.9,5.0,Rural,1,0,1,1982,28200000
2328,3,3.0,13,1.0,0.0,23.5,1.0,Urban,0,1,1,2013,34038000
2417,4,3.0,16,2.0,2.0,7.6,5.0,Rural,0,0,0,2010,39322000
638,1,2.0,11,1.0,1.0,8.1,1.0,Rural,1,1,1,2015,10257000
4082,6,4.0,28,2.0,1.0,9.6,1.0,Urban,0,0,1,1998,53728000
4439,6,4.0,31,2.0,2.0,18.1,5.0,Rural,0,0,1,1995,56451000
3392,5,3.0,23,1.0,1.0,5.6,1.0,Urban,1,1,0,2003,48113000
2526,6,4.0,12,2.5,3.0,3.6,3.0,Urban,1,0,1,2014,37812000
2806,5,4.0,19,1.0,1.0,20.5,2.0,Suburban,1,0,1,2007,40420000
4244,6,4.0,14,2.0,0.0,23.5,5.0,Rural,1,0,0,2012,57617000
1401,3,2.0,3,3.0,3.0,15.3,3.0,Suburban,1,1,1,2023,25180000
1189,3,2.0,33,2.5,1.0,11.2,1.0,Suburban,1,0,1,1993,19609000
2539,4,2.0,27,3.0,2.0,13.2,1.0,Suburban,0,1,1,1999,37098000
509,1,1.0,49,1.0,1.0,12.0,2.0,Rural,1,1,1,1977,11023000
760,1,1.0,1,1.0,2.0,28.8,3.0,Suburban,0,0,0,2025,14677000
2442,2,2.0,46,1.0,0.0,23.2,3.0,Urban,1,0,1,1980,31805000
2173,3,2.0,29,2.0,1.0,6.6,5.0,Urban,1,0,0,1997,28806000
2719,4,4.0,25,2.0,1.0,11.8,1.0,Urban,1,0,1,2001,40711000
3445,6,4.0,50,1.0,0.0,16.5,4.0,Suburban,1,0,1,1976,48363000
2560,4,3.0,46,2.0,2.0,18.6,5.0,Urban,1,0,1,1980,39716000
1691,2,2.0,25,1.0,1.0,14.3,5.0,Urban,0,0,0,2001,21685000
4213,6,,19,1.0,1.0,24.4,5.0,Rural,0,0,1,2007,57091000
2119,4,3.0,41,2.0,0.0,23.1,2.0,Urban,1,1,1,1985,32594000
820,1,1.0,27,2.0,2.0,15.4,2.0,Suburban,1,0,1,1999,15810000
1842,2,2.0,19,2.5,2.0,25.7,5.0,Urban,1,0,1,2007,30180000
2136,3,2.0,10,1.0,1.0,22.7,4.0,Urban,1,0,1,2016,32552000
2876,5,3.0,9,2.0,1.0,23.5,3.0,Urban,1,0,0,2017,40553000
3332,6,4.0,22,1.0,1.0,28.7,3.0,Suburban,1,0,0,2004,46176000
3324,5,3.0,36,1.0,2.0,8.4,1.0,Rural,1,1,0,1990,45378000
2494,4,3.0,40,2.0,0.0,8.4,3.0,Urban,1,0,1,1986,37162000
3458,5,3.0,18,2.5,1.0,26.7,3.0,Urban,1,0,1,2008,45900000
2443,4,3.0,44,1.0,2.0,23.3,4.0,Suburban,1,0,1,1982,34748000
4121,6,4.0,17,1.0,2.0,27.8,3.0,Suburban,1,0,1,2009,53799000
2538,4,3.0,48,2.0,1.0,2.4,4.0,Suburban,1,0,1,1978,36498000
3990,6,,26,1.0,2.0,19.0,2.0,Rural,1,0,1,2000,51145000
4177,5,3.0,5,2.5,1.0,4.8,4.0,Suburban,1,0,1,2021,56022000
1618,2,2.0,9,2.0,3.0,15.4,2.0,Suburban,1,0,1,2017,28793000
4388,6,4.0,1,1.0,1.0,5.1,4.0,Rural,1,0,0,2025,58075000
2104,2,2.0,23,2.0,1.0,4.3,5.0,Suburban,1,0,1,2003,30296000
2865,4,4.0,37,2.0,2.0,0.9,2.0,Urban,0,0,0,1989,40480000
735,1,1.0,27,1.0,0.0,19.1,2.0,Urban,1,0,1,1999,8455000
2469,5,3.0,27,2.0,0.0,11.1,3.0,Urban,1,0,1,1999,38318000
833,1,1.0,44,1.0,0.0,3.6,2.0,Urban,1,1,0,1982,12526000
2408,5,,49,2.0,2.0,10.0,4.0,Urban,1,1,1,1977,35726000
875,2,2.0,38,1.0,0.0,5.5,5.0,Urban,1,0,0,1988,17669000
4030,6,,1,2.5,2.0,28.3,5.0,Rural,1,0,1,2025,54697000
1660,4,3.0,45,1.5,1.0,9.9,3.0,Rural,0,0,1,1981,24450000
3135,5,4.0,4,1.0,0.0,10.4,4.0,Suburban,0,0,1,2022,45547000
2070,5,4.0,49,2.5,1.0,25.3,4.0,Rural,1,1,1,1977,31140000
3060,6,4.0,10,1.0,1.0,19.6,1.0,Urban,1,0,1,2016,44456000
1819,3,3.0,9,1.5,2.0,21.5,2.0,Rural,0,1,1,2017,28102000
3891,6,4.0,42,1.5,2.0,19.3,3.0,,0,0,1,1984,48089000
3465,6,4.0,1,1.0,1.0,28.4,5.0,Urban,1,0,1,2025,49876000
4143,5,4.0,14,2.5,0.0,6.6,1.0,Urban,1,0,0,2012,55024000
2355,4,3.0,38,2.0,2.0,29.7,4.0,Urban,1,1,1,1988,37730000
1872,4,3.0,40,1.0,2.0,25.0,2.0,Urban,1,0,1,1986,27939000
4411,6,4.0,36,2.0,2.0,17.9,5.0,Urban,1,0,1,1990,61121000
4350,6,4.0,6,2.0,2.0,20.0,1.0,Urban,1,0,1,2020,63745000
1372,3,2.0,19,2.5,1.0,19.6,4.0,Urban,1,1,0,2007,21072000
1752,3,2.0,33,1.0,2.0,2.2,5.0,Urban,1,0,1,1993,30735000
2817,4,3.0,34,2.0,1.0,6.9,5.0,Rural,1,0,0,1992,39276000
2351,4,3.0,33,2.0,0.0,28.9,4.0,Urban,1,0,1,1993,32817000
3345,5,4.0,21,2.0,2.0,16.3,4.0,Urban,0,1,1,2005,48602000
1814,3,2.0,30,2.0,3.0,11.7,3.0,Suburban,0,0,0,1996,26038000
1224,3,2.0,22,1.0,2.0,23.0,5.0,Rural,0,0,1,2004,22401000
3736,6,4.0,18,2.0,1.0,16.0,4.0,Urban,1,0,1,2008,54265000
2552,4,3.0,3,2.0,1.0,0.9,1.0,Rural,1,0,1,2023,38133000
3398,6,4.0,23,3.0,1.0,22.2,2.0,Urban,1,0,1,2003,47382000
3950,6,4.0,19,1.0,2.0,22.1,3.0,Urban,0,0,1,2007,55151000
577,1,1.0,38,2.0,0.0,5.4,4.0,Urban,1,0,1,1988,13269000
3981,5,3.0,27,3.0,2.0,28.7,2.0,Suburban,1,0,0,1999,55077000
3121,4,3.0,38,2.0,1.0,7.1,3.0,Urban,1,0,1,1988,41100000
631,2,2.0,16,2.5,2.0,14.0,5.0,,0,0,1,2010,16112000
1100,1,2.0,18,2.5,3.0,3.9,2.0,Urban,1,1,1,2008,20752000
2272,3,2.0,47,1.5,1.0,18.3,3.0,Suburban,1,0,1,1979,31172000
1565,2,2.0,34,2.0,1.0,11.6,4.0,Urban,1,0,1,1992,23495000
2636,3,2.0,31,1.0,2.0,10.9,4.0,Suburban,1,0,1,1995,39550000
2949,5,4.0,46,2.0,1.0,24.9,3.0,Suburban,1,0,1,1980,40941000
2843,4,3.0,45,1.0,2.0,0.8,5.0,Suburban,1,0,1,1981,39200000
2363,2,2.0,46,2.0,2.0,24.0,,Urban,1,1,1,1980,32394000
1818,3,3.0,45,2.0,1.0,17.4,1.0,Rural,1,0,1,1981,25671000
1115,2,2.0,38,1.5,2.0,29.6,3.0,Suburban,0,0,1,1988,17879000
4097,6,4.0,34,1.0,1.0,17.9,3.0,Urban,1,0,1,1992,56025000
3347,6,4.0,29,3.0,3.0,2.1,4.0,Rural,0,0,1,1997,47370000
4262,6,4.0,16,1.0,1.0,2.0,5.0,Suburban,0,0,1,2010,61222000
4208,6,4.0,41,1.0,2.0,26.6,3.0,Suburban,1,1,1,1985,56078000
2969,5,4.0,46,1.0,1.0,25.3,2.0,Urban,0,0,1,1980,39097000
2388,5,4.0,28,3.0,1.0,10.7,4.0,Suburban,0,0,1,1998,40917000
1546,1,1.0,5,3.0,1.0,18.7,4.0,Urban,1,1,0,2021,26869000
1074,2,2.0,16,2.0,2.0,14.9,3.0,,1,0,0,2010,18563000
2690,4,3.0,16,2.5,1.0,29.0,2.0,Suburban,0,0,0,2010,36510000
1492,1,1.0,13,1.0,2.0,28.5,3.0,Suburban,1,0,1,2013,21487000
3212,6,4.0,23,3.0,1.0,29.5,2.0,Urban,0,1,1,2003,49247000
2692,3,2.0,49,1.0,2.0,26.1,4.0,Rural,0,0,1,1977,35545000
1748,2,2.0,36,1.0,2.0,27.3,,Urban,1,1,1,1990,24685000
3554,5,3.0,39,1.0,1.0,6.9,3.0,Suburban,0,0,1,1987,46836000
1002,2,2.0,38,2.0,1.0,25.0,1.0,Suburban,1,0,1,1988,12420000
2497,2,2.0,31,2.0,1.0,21.4,1.0,Suburban,0,0,0,1995,32406000
1320,3,3.0,35,1.5,1.0,28.9,2.0,Urban,1,0,1,1991,13538000
4187,6,4.0,49,3.0,1.0,17.4,3.0,Urban,1,0,1,1977,53914000
2651,5,3.0,36,1.5,2.0,3.0,5.0,Urban,1,0,1,1990,40398000
3610,6,4.0,47,1.0,1.0,18.1,1.0,Suburban,1,0,1,1979,42836000
2470,4,3.0,13,2.0,2.0,20.8,4.0,Urban,1,0,0,2013,41871000
697,1,1.0,26,2.0,3.0,7.0,3.0,Suburban,1,1,0,2000,12885000
2169,5,4.0,18,2.5,1.0,12.1,3.0,Suburban,0,1,1,2008,35860000
3126,4,3.0,30,2.0,2.0,18.2,1.0,Urban,1,0,1,1996,45262000
2938,4,2.0,45,2.0,0.0,11.5,5.0,Urban,0,1,0,1981,41903000
1702,2,2.0,8,1.0,2.0,11.6,4.0,Urban,1,0,1,2018,27782000
3101,5,4.0,37,2.0,1.0,4.4,5.0,Urban,1,0,0,1989,44302000
1971,3,2.0,16,3.0,2.0,28.3,4.0,Suburban,0,0,1,2010,27400000
4071,6,4.0,18,1.0,3.0,22.6,1.0,Suburban,1,1,1,2008,55733000
3586,4,3.0,43,2.5,1.0,0.5,3.0,Suburban,0,0,1,1983,47942000
2146,4,3.0,3,2.0,2.0,23.1,4.0,Urban,1,0,1,2023,34833000
2192,4,3.0,47,1.0,1.0,22.3,3.0,Rural,0,0,1,1979,27146000
1812,3,3.0,10,3.0,0.0,0.8,2.0,Urban,1,0,0,2016,31266000
2535,3,2.0,21,2.0,2.0,11.4,2.0,Urban,0,0,0,2005,33244000
977,2,2.0,3,1.0,0.0,18.4,1.0,Suburban,0,0,1,2023,17118000
1754,2,2.0,16,1.0,2.0,13.9,,Rural,1,0,1,2010,25957000
1422,2,1.0,7,1.0,0.0,23.5,1.0,Urban,0,1,0,2019,22384000
919,2,1.0,45,2.5,2.0,13.1,2.0,Suburban,1,0,0,1981,17224000
2704,3,3.0,33,2.0,1.0,5.0,4.0,Rural,1,0,1,1993,37941000
3097,5,4.0,10,2.5,1.0,29.3,5.0,Suburban,0,0,0,2016,47479000
4012,6,4.0,30,1.0,1.0,7.6,1.0,Urban,1,0,1,1996,49846000
1620,2,2.0,10,1.0,1.0,21.7,5.0,Rural,0,0,1,2016,25842000
3568,5,3.0,37,1.0,1.0,4.7,5.0,Suburban,0,0,1,1989,49885000
3544,6,4.0,20,2.0,1.0,10.2,2.0,Suburban,0,0,1,2006,50460000
3982,6,4.0,45,3.0,1.0,13.5,4.0,Suburban,1,0,1,1981,55596000
1450,1,2.0,29,2.0,1.0,6.2,2.0,Rural,0,0,1,1997,18950000
2836,5,2.0,9,1.0,1.0,13.8,1.0,Suburban,1,0,1,2017,41329000
1777,2,2.0,25,2.5,1.0,5.1,2.0,Urban,1,1,1,2001,31412000
2743,5,3.0,26,2.0,1.0,17.0,2.0,Suburban,1,0,1,2000,35529000
3145,6,4.0,7,1.0,3.0,20.1,,Urban,1,0,1,2019,49065000
2357,4,3.0,38,2.5,1.0,2.3,,Urban,1,0,0,1988,33660000
4093,6,4.0,7,1.0,1.0,26.2,1.0,Suburban,1,0,1,2019,54363000
1016,3,3.0,7,1.0,1.0,6.0,2.0,Urban,0,0,1,2019,17345000
2158,4,3.0,33,1.0,2.0,7.1,2.0,Suburban,1,0,1,1993,32121000
2365,4,2.0,15,2.0,0.0,20.0,5.0,Rural,1,1,0,2011,38046000
3412,6,4.0,40,1.5,2.0,14.3,4.0,Suburban,1,0,1,1986,47294000
1641,4,3.0,12,1.0,1.0,15.2,5.0,Rural,0,0,0,2014,27248000
3353,6,4.0,22,1.0,1.0,4.3,4.0,Urban,0,0,0,2004,48557000
2432,3,2.0,11,2.0,2.0,24.3,4.0,Rural,1,0,1,2015,31696000
3730,5,4.0,26,3.0,1.0,18.7,2.0,Rural,0,0,1,2000,49261000
1314,2,2.0,21,2.0,1.0,4.5,5.0,Urban,1,0,1,2005,22092000
2775,5,3.0,31,1.0,2.0,11.5,,Urban,0,0,1,1995,38651000
2400,4,3.0,48,1.0,2.0,24.4,4.0,Urban,1,0,1,1978,33417000
2763,4,2.0,26,1.0,2.0,17.3,1.0,Rural,1,0,1,2000,35903000
3495,6,4.0,1,1.0,2.0,3.7,4.0,Rural,0,0,1,2025,52318000
4267,5,4.0,44,2.0,2.0,11.5,2.0,Urban,0,0,0,1982,56365000
2562,4,4.0,32,2.0,2.0,7.7,3.0,Suburban,1,0,0,1994,34698000
3728,6,4.0,25,2.0,0.0,15.8,1.0,Urban,0,0,0,2001,52883000
4219,6,4.0,27,2.0,2.0,25.4,3.0,Suburban,1,0,1,1999,58079000
3832,6,4.0,18,1.0,2.0,13.4,2.0,Rural,1,0,1,2008,52711000
3728,6,4.0,42,1.0,0.0,13.3,3.0,Urban,0,0,1,1984,52056000
2594,4,3.0,4,2.0,1.0,27.2,4.0,Rural,1,0,1,2022,37588000
2871,4,3.0,32,1.0,0.0,17.5,3.0,Rural,1,0,1,1994,37073000
3391,6,4.0,19,1.0,2.0,17.2,5.0,Rural,1,0,1,2007,49016000
4256,6,4.0,29,1.5,1.0,8.2,2.0,Urban,0,0,0,1997,58616000
629,1,1.0,44,1.0,3.0,18.4,5.0,Urban,1,0,1,1982,13062000
3982,6,4.0,7,1.0,1.0,17.5,3.0,Urban,1,0,1,2019,57925000
594,1,1.0,37,2.5,2.0,12.2,5.0,Suburban,1,0,1,1989,12373000
3174,4,3.0,16,2.5,1.0,29.7,1.0,Suburban,0,0,1,2010,40802000
3302,6,4.0,43,1.0,2.0,26.5,3.0,Urban,0,0,0,1983,44238000
2455,5,,0,1.0,2.0,22.6,5.0,Suburban,1,1,1,2026,42286000
3863,5,4.0,2,2.0,2.0,16.4,4.0,Urban,1,1,1,2024,57355000
1293,3,3.0,45,1.0,2.0,14.1,3.0,Urban,1,0,1,1981,18955000
2334,4,4.0,25,1.5,2.0,6.0,1.0,Suburban,0,0,1,2001,31572000
3854,5,4.0,30,1.0,0.0,9.5,4.0,Urban,1,0,0,1996,50583000
2616,3,2.0,7,1.0,1.0,23.3,3.0,Urban,1,0,1,2019,39128000
2183,4,3.0,42,2.0,2.0,13.9,4.0,Urban,1,0,0,1984,33297000
510,1,1.0,45,2.5,1.0,26.5,3.0,Rural,0,0,1,1981,10543000
3825,6,4.0,7,1.0,1.0,4.9,3.0,Suburban,1,0,1,2019,55464000
2365,4,3.0,34,1.0,1.0,15.5,2.0,Suburban,1,0,1,1992,34165000
3419,6,4.0,38,1.0,1.0,19.6,5.0,Suburban,0,0,0,1988,50808000
3097,5,4.0,27,1.0,1.0,15.7,3.0,Suburban,1,1,1,1999,42975000
3705,6,4.0,50,3.0,2.0,26.7,1.0,Urban,1,0,1,1976,47306000
1211,3,2.0,3,2.0,1.0,29.7,5.0,Suburban,1,0,0,2023,22825000
2570,4,3.0,15,2.0,0.0,3.9,2.0,Suburban,1,0,0,2011,36590000
1314,1,1.0,12,2.0,0.0,4.3,5.0,Suburban,1,0,1,2014,22213000
845,4,3.0,19,2.5,2.0,4.3,5.0,Suburban,0,0,0,2007,21049000
2849,3,2.0,50,2.5,3.0,20.6,3.0,Suburban,0,1,0,1976,39807000
862,1,1.0,4,1.0,2.0,11.5,1.0,Urban,1,0,1,2022,18545000
2943,3,2.0,36,1.0,1.0,22.1,3.0,Rural,0,1,0,1990,36495000
2765,5,3.0,19,2.0,3.0,12.5,1.0,Urban,1,0,1,2007,42470000
2688,4,3.0,23,1.5,2.0,19.0,1.0,Rural,1,0,1,2003,35006000
4187,6,,35,3.0,2.0,23.2,4.0,Urban,0,0,1,1991,60811000
3505,4,3.0,33,2.0,2.0,16.7,3.0,Urban,1,0,0,1993,48753000
3781,6,3.0,44,3.0,1.0,16.4,2.0,Suburban,1,0,1,1982,51576000
1484,2,1.0,47,1.0,1.0,3.1,5.0,Urban,0,0,1,1979,21139000
3540,5,3.0,33,2.5,1.0,12.6,4.0,Rural,1,1,1,1993,48227000
4194,6,4.0,18,1.0,1.0,16.6,2.0,Suburban,1,0,1,2008,57604000
2139,4,3.0,16,3.0,2.0,14.1,3.0,Suburban,1,0,1,2010,36541000
1327,2,2.0,4,1.0,2.0,27.1,1.0,Urban,1,0,1,2022,24409000
3230,6,4.0,24,2.0,2.0,27.2,3.0,Urban,0,0,0,2002,46886000
4031,6,4.0,17,2.0,1.0,24.7,3.0,Urban,0,0,1,2009,55197000
3551,5,4.0,49,1.5,0.0,11.6,4.0,Suburban,0,0,1,1977,48316000
855,1,1.0,7,2.0,0.0,21.7,2.0,Suburban,1,0,1,2019,16724000
3555,6,4.0,26,3.0,1.0,12.2,4.0,Suburban,1,0,1,2000,51345000
1847,2,2.0,14,1.5,1.0,7.4,2.0,Rural,0,1,1,2012,26330000
3704,6,4.0,44,2.0,2.0,10.6,4.0,Suburban,1,0,1,1982,52661000
3435,6,4.0,12,1.0,0.0,2.6,5.0,Rural,0,0,1,2014,48464000
4376,6,,15,2.5,3.0,10.3,1.0,Urban,0,0,1,2011,59971000
2363,5,4.0,21,2.0,1.0,14.1,1.0,Urban,1,0,0,2005,35419000
626,1,1.0,19,1.5,,28.7,1.0,Urban,0,1,1,2007,13427000
3677,5,4.0,12,1.0,1.0,9.7,5.0,Urban,1,0,1,2014,52908000
3556,5,4.0,19,2.0,0.0,27.1,,Suburban,0,0,1,2007,49378000
1103,2,2.0,1,1.0,2.0,7.3,1.0,Suburban,1,0,1,2025,19544000
4370,6,4.0,34,1.0,2.0,6.1,1.0,Suburban,1,0,1,1992,57413000
3949,5,3.0,46,2.0,1.0,15.8,2.0,Suburban,1,0,1,1980,54222000
2428,4,3.0,18,1.0,1.0,20.3,2.0,Rural,1,0,1,2008,36966000
1513,2,1.0,44,1.0,0.0,1.8,3.0,Rural,1,0,1,1982,19543000
550,1,1.0,36,2.0,2.0,7.0,4.0,Urban,1,0,1,1990,10654000
3600,4,3.0,5,1.0,2.0,13.9,2.0,Urban,1,0,0,2021,49389000
4033,6,4.0,13,1.0,0.0,10.3,2.0,Urban,1,0,0,2013,56658000
3867,4,2.0,3,1.0,1.0,21.5,2.0,Urban,1,0,0,2023,52138000
3868,6,4.0,21,2.0,2.0,15.6,2.0,Suburban,1,0,0,2005,51158000
4297,6,4.0,50,2.0,1.0,5.2,5.0,Suburban,0,0,1,1976,57501000
3326,6,4.0,38,2.0,2.0,26.9,3.0,Urban,1,0,1,1988,47811000
1930,2,1.0,35,1.0,1.0,9.1,2.0,Suburban,1,0,0,1991,27558000
2292,3,2.0,33,1.0,1.0,22.1,4.0,Suburban,1,0,1,1993,35016000
3361,5,3.0,26,1.0,1.0,23.5,2.0,Urban,0,0,1,2000,44867000
2136,3,2.0,6,1.5,1.0,28.9,5.0,Urban,0,0,1,2020,31571000
3976,6,4.0,2,3.0,0.0,15.2,1.0,Rural,0,1,0,2024,54549000
3917,5,4.0,46,1.0,2.0,18.7,1.0,Suburban,1,0,0,1980,48882000
2145,3,2.0,32,1.0,2.0,10.4,3.0,Urban,0,0,1,1994,29699000
2967,5,,1,1.0,2.0,20.5,1.0,Urban,1,0,1,2025,42528000
1705,3,2.0,41,2.0,2.0,14.2,2.0,Urban,0,1,0,1985,26537000
3530,5,4.0,15,2.0,1.0,13.4,5.0,Urban,0,0,1,2011,49693000
3372,3,2.0,24,2.0,0.0,25.7,3.0,Rural,1,1,1,2002,45976000
3572,5,3.0,14,2.5,2.0,2.0,2.0,Urban,1,0,1,2012,53376000
2354,5,3.0,23,2.0,1.0,26.5,1.0,Urban,0,1,1,2003,33242000
1066,2,2.0,14,1.0,,25.6,4.0,Urban,1,1,1,2012,17928000
2918,5,3.0,30,1.0,0.0,15.4,2.0,Suburban,0,0,1,1996,38549000
1435,1,1.0,13,2.0,0.0,15.0,4.0,Urban,0,0,1,2013,21645000
2434,3,1.0,13,2.0,1.0,11.2,4.0,Urban,1,0,1,2013,38406000
3208,5,4.0,5,2.0,2.0,29.8,3.0,Suburban,1,1,1,2021,47560000
4002,5,4.0,13,2.0,2.0,3.8,5.0,,1,1,1,2013,59147000
3516,6,4.0,16,2.0,2.0,17.9,1.0,Urban,1,0,1,2010,50961000
1832,2,2.0,17,2.5,3.0,20.6,1.0,,1,0,1,2009,26116000
3708,6,4.0,19,2.0,2.0,28.1,2.0,Suburban,0,1,1,2007,51746000
701,1,2.0,50,2.0,1.0,23.5,1.0,Rural,0,0,1,1976,8431000
4007,6,4.0,16,1.0,1.0,19.5,3.0,Urban,0,1,1,2010,57463000
2860,3,4.0,15,2.0,2.0,3.9,1.0,Urban,1,1,1,2011,40033000
616,1,1.0,39,2.5,1.0,11.5,2.0,Urban,0,1,0,1987,10716000
4237,6,4.0,38,1.5,1.0,4.6,1.0,Suburban,0,0,1,1988,55779000
1436,4,2.0,31,2.0,1.0,26.5,5.0,Suburban,1,0,1,1995,22710000
4374,6,4.0,43,2.0,1.0,22.6,4.0,Suburban,0,0,1,1983,55350000
1074,2,2.0,8,1.0,1.0,22.8,4.0,Suburban,0,1,1,2018,18365000
2791,4,3.0,26,2.0,1.0,19.7,4.0,Rural,0,0,0,2000,35484000
1036,2,2.0,45,1.0,1.0,15.5,5.0,Rural,0,0,1,1981,17752000
2125,4,3.0,32,3.0,2.0,4.9,3.0,Suburban,1,0,1,1994,31952000
2622,4,3.0,9,2.5,1.0,10.2,2.0,Suburban,1,0,1,2017,38446000
4377,6,4.0,16,1.0,2.0,4.5,5.0,Urban,0,0,0,2010,59851000
885,1,1.0,48,1.0,1.0,21.9,2.0,Suburban,0,0,1,1978,11847000
4474,6,4.0,48,2.0,1.0,5.2,3.0,Suburban,1,0,1,1978,60658000
3781,6,4.0,35,1.0,1.0,21.2,5.0,Suburban,1,0,1,1991,50578000
974,1,2.0,16,1.0,1.0,20.9,1.0,Urban,1,1,1,2010,15532000
917,1,1.0,17,2.0,2.0,14.0,3.0,Suburban,1,0,0,2009,14883000
2894,4,3.0,22,1.5,2.0,4.5,4.0,Suburban,0,0,1,2004,39018000
4100,6,4.0,33,1.0,2.0,9.8,5.0,Suburban,1,0,1,1993,57583000
3187,5,4.0,7,2.5,3.0,9.9,3.0,Urban,1,0,1,2019,49681000
1438,3,1.0,12,2.5,1.0,21.2,3.0,Suburban,0,0,1,2014,20164000
1454,2,1.0,22,2.0,1.0,3.9,5.0,Urban,1,0,1,2004,25991000
1375,1,1.0,19,2.5,1.0,25.0,4.0,Rural,0,0,1,2007,21145000
1262,1,1.0,21,1.0,0.0,22.9,4.0,Suburban,0,0,1,2005,13149000
1702,3,3.0,46,1.0,1.0,6.0,3.0,Urban,1,0,1,1980,23646000
1705,3,2.0,22,1.0,1.0,21.7,2.0,Urban,1,1,1,2004,25799000
1163,1,1.0,40,2.0,1.0,20.2,3.0,Suburban,0,0,1,1986,17189000
524,1,1.0,34,3.0,0.0,22.6,5.0,Urban,1,0,1,1992,12217000
2490,6,4.0,2,2.0,0.0,6.1,5.0,Rural,1,0,1,2024,37756000
1703,2,2.0,33,2.5,2.0,5.1,5.0,Suburban,0,1,1,1993,30319000
1209,2,1.0,32,2.0,,7.5,4.0,Urban,1,0,1,1994,19316000
4072,4,4.0,45,1.5,2.0,11.3,1.0,Suburban,1,1,1,1981,52266000
2379,4,2.0,16,1.5,2.0,23.9,5.0,Urban,1,0,1,2010,34373000
1684,2,2.0,44,1.0,0.0,22.3,5.0,Rural,1,0,1,1982,22261000
2724,5,3.0,18,1.0,1.0,27.8,2.0,Urban,1,0,0,2008,40543000
784,1,2.0,29,2.0,0.0,2.2,2.0,Rural,1,0,1,1997,10815000
562,1,1.0,22,1.5,2.0,0.8,3.0,Suburban,0,0,1,2004,11912000
1502,1,1.0,14,2.0,2.0,21.1,,Rural,1,0,1,2012,22010000
1161,1,1.0,13,2.0,1.0,8.7,3.0,Urban,0,0,1,2013,19293000
3213,5,4.0,1,1.0,1.0,10.4,5.0,Urban,0,0,0,2025,48591000
2703,4,3.0,38,2.0,3.0,16.6,2.0,Suburban,0,1,1,1988,40058000
4453,6,4.0,48,2.0,1.0,3.5,3.0,Suburban,1,0,1,1978,59733000
1992,3,2.0,17,1.5,2.0,19.5,2.0,Urban,0,0,1,2009,31425000
3620,6,4.0,5,2.5,1.0,10.1,5.0,Urban,1,0,1,2021,52395000
1466,3,3.0,31,2.0,1.0,19.2,5.0,Urban,1,0,1,1995,23979000
1348,2,2.0,20,2.0,2.0,25.1,3.0,Suburban,0,0,1,2006,18945000
1607,2,2.0,39,2.5,2.0,5.5,5.0,Urban,1,0,0,1987,26639000
3932,6,4.0,27,2.5,2.0,28.0,5.0,Urban,1,0,1,1999,58167000
1188,3,2.0,26,2.5,1.0,16.2,,Urban,1,0,1,2000,19756000
647,1,1.0,1,1.0,1.0,27.7,1.0,Suburban,0,0,1,2025,11731000
4201,6,4.0,32,1.0,2.0,6.6,4.0,Urban,1,0,1,1994,55884000
841,2,1.0,15,1.0,1.0,18.3,3.0,Rural,1,0,0,2011,13787000
3023,5,4.0,38,1.0,1.0,12.4,1.0,Urban,1,0,0,1988,38585000
1586,3,2.0,21,2.5,2.0,23.3,3.0,Rural,0,1,1,2005,24830000
2224,3,2.0,42,2.0,1.0,18.4,1.0,Suburban,1,0,1,1984,26046000
1883,2,2.0,46,1.0,1.0,15.1,5.0,Urban,1,0,0,1980,30005000
3108,4,4.0,12,1.0,2.0,27.4,3.0,Urban,0,0,1,2014,44128000
826,1,1.0,1,1.0,3.0,11.6,1.0,Suburban,0,0,0,2025,14295000
2292,4,3.0,13,2.0,1.0,7.0,4.0,Suburban,1,0,1,2013,38868000
2259,4,3.0,37,2.0,1.0,18.4,5.0,Suburban,0,0,1,1989,33029000
3712,6,4.0,40,2.5,2.0,18.9,3.0,Urban,1,1,1,1986,50240000
1489,4,3.0,27,3.0,2.0,13.5,3.0,Rural,0,0,0,1999,22701000
2762,5,4.0,6,1.0,2.0,14.9,1.0,Rural,1,0,1,2020,43024000
2982,4,3.0,17,1.0,1.0,28.8,3.0,Suburban,0,0,1,2009,39146000
4462,6,3.0,40,1.0,1.0,22.1,5.0,Suburban,1,1,1,1986,59626000
1451,2,1.0,35,1.5,2.0,3.8,2.0,Suburban,1,0,1,1991,24100000
1222,2,2.0,40,2.5,2.0,6.8,1.0,Urban,1,0,1,1986,17959000
3889,6,4.0,35,2.0,2.0,29.3,4.0,Urban,1,0,0,1991,53733000
2579,4,2.0,43,2.0,0.0,21.9,3.0,Suburban,0,0,1,1983,36644000
3217,4,2.0,3,2.0,1.0,27.5,5.0,Rural,0,1,1,2023,44615000
2832,4,3.0,29,1.0,1.0,9.5,3.0,Urban,1,1,1,1997,40073000
3876,6,4.0,23,1.0,3.0,22.4,4.0,Suburban,1,0,1,2003,50989000
928,2,2.0,19,2.0,2.0,21.6,5.0,Rural,1,0,1,2007,14785000
2000,5,4.0,45,2.0,1.0,9.2,4.0,Urban,1,1,1,1981,31246000
785,1,1.0,30,1.0,0.0,16.7,5.0,Urban,1,0,1,1996,13522000
3715,6,4.0,23,2.0,1.0,19.0,2.0,Suburban,1,0,1,2003,51951000
3995,5,3.0,6,2.5,0.0,14.7,5.0,Urban,0,0,1,2020,56431000
3590,6,4.0,25,1.5,2.0,24.9,4.0,Urban,1,0,1,2001,49198000
2565,3,2.0,12,2.0,2.0,25.1,1.0,Urban,1,1,1,2014,40027000
1268,3,2.0,7,1.5,1.0,25.6,2.0,Urban,1,0,1,2019,19756000
3137,4,4.0,4,2.0,1.0,24.2,3.0,Rural,0,0,1,2022,46753000
1894,2,2.0,43,2.0,2.0,14.9,2.0,Suburban,0,0,0,1983,25573000
3746,5,4.0,12,3.0,1.0,11.8,2.0,Suburban,0,0,1,2014,53940000
3557,6,4.0,28,1.0,1.0,25.0,3.0,Suburban,1,0,1,1998,49924000
693,1,1.0,19,1.5,3.0,15.0,5.0,Rural,1,0,1,2007,16125000
3049,5,4.0,13,1.0,2.0,7.8,2.0,Urban,0,0,1,2013,44424000
1487,3,2.0,31,1.0,2.0,15.5,2.0,Urban,1,0,1,1995,22703000
1636,2,1.0,49,2.0,1.0,4.7,1.0,Rural,1,0,1,1977,21321000
2661,4,3.0,26,2.5,0.0,20.9,1.0,Rural,1,0,0,2000,34745000
3793,6,4.0,24,1.5,0.0,10.4,4.0,Urban,0,0,1,2002,54138000
2201,3,2.0,3,1.0,1.0,8.2,3.0,Urban,1,1,1,2023,37822000
1446,3,2.0,20,1.0,2.0,28.7,5.0,Suburban,1,0,1,2006,20545000
1330,2,,17,2.0,1.0,23.4,,Urban,0,1,1,2009,23065000
4215,5,4.0,38,1.0,2.0,23.7,4.0,Suburban,1,0,1,1988,60057000
2420,3,2.0,14,1.0,1.0,18.9,5.0,Urban,1,1,1,2012,36597000
3835,6,4.0,37,2.0,1.0,25.3,5.0,Urban,0,0,1,1989,55099000
3472,5,,47,1.0,3.0,22.9,1.0,Suburban,0,0,1,1979,46925000
554,1,1.0,23,2.0,1.0,18.2,5.0,Rural,1,0,0,2003,8054000
4442,6,4.0,7,2.0,1.0,28.9,5.0,Suburban,0,0,1,2019,61927000
4214,6,4.0,27,1.0,1.0,6.2,4.0,Urban,0,0,0,1999,58437000
1299,2,2.0,20,2.0,0.0,28.3,4.0,Rural,1,0,1,2006,25193000
1277,3,3.0,15,2.0,1.0,12.3,2.0,Suburban,1,0,1,2011,17005000
1981,2,2.0,15,2.0,1.0,16.1,5.0,Urban,1,0,1,2011,27940000
2401,4,3.0,34,1.5,2.0,4.1,5.0,Urban,1,0,1,1992,36385000
2709,4,3.0,16,1.0,2.0,16.4,5.0,Urban,0,0,1,2010,39752000
3951,6,,8,2.5,1.0,18.5,1.0,Suburban,1,0,1,2018,52754000
2634,3,2.0,34,2.0,0.0,29.9,5.0,Suburban,1,0,1,1992,34440000
554,2,3.0,28,1.0,2.0,29.3,1.0,Urban,1,1,1,1998,13774000
4047,6,4.0,38,1.0,0.0,29.0,2.0,Urban,1,0,1,1988,52163000
2323,3,1.0,17,1.0,2.0,10.8,3.0,Urban,0,1,0,2009,33565000
1701,2,1.0,11,1.0,2.0,29.7,,Suburban,1,0,1,2015,27800000
3962,6,4.0,18,2.0,1.0,13.9,4.0,Urban,0,1,1,2008,58795000
3920,6,4.0,47,1.0,2.0,25.6,4.0,Urban,1,0,1,1979,52578000
3579,5,2.0,21,1.0,2.0,6.9,5.0,Rural,0,0,1,2005,46240000
1332,1,1.0,48,2.0,2.0,15.4,1.0,Suburban,0,0,0,1978,18448000
812,2,1.0,14,1.0,1.0,29.0,4.0,Urban,1,0,0,2012,13611000
3306,5,4.0,0,2.0,1.0,28.4,4.0,Suburban,1,0,1,2026,50466000
2358,4,3.0,1,2.0,2.0,20.7,2.0,Urban,1,0,1,2025,37320000
2507,3,3.0,7,1.0,1.0,24.0,2.0,Suburban,1,0,1,2019,35163000
2506,3,2.0,21,2.0,2.0,5.7,2.0,Suburban,1,0,1,2005,36432000
2990,6,4.0,24,2.0,,21.8,4.0,Suburban,1,0,1,2002,39910000
2290,4,2.0,1,1.5,0.0,18.7,4.0,Suburban,1,0,1,2025,37388000
827,2,1.0,50,1.0,2.0,3.2,5.0,Urban,0,0,1,1976,14390000
3625,5,4.0,8,2.0,2.0,3.8,5.0,Suburban,1,0,1,2018,53507000
3308,4,3.0,8,3.0,2.0,3.7,1.0,Urban,1,0,1,2018,46628000
3810,6,4.0,12,2.0,3.0,21.9,4.0,Urban,1,0,1,2014,55232000
3800,6,4.0,5,1.0,0.0,4.7,5.0,Rural,1,0,1,2021,56815000
3126,4,3.0,29,2.0,1.0,14.3,5.0,Suburban,1,1,1,1997,44789000
3622,4,4.0,14,1.5,2.0,11.0,2.0,Rural,1,0,1,2012,48326000
4180,6,4.0,50,2.0,1.0,16.7,2.0,Urban,1,0,0,1976,56648000
4175,6,4.0,14,2.0,2.0,21.3,2.0,Suburban,1,0,1,2012,58033000
3554,5,4.0,49,2.0,1.0,20.7,3.0,Urban,1,1,1,1977,52206000
1787,2,2.0,6,2.5,0.0,15.7,5.0,Suburban,0,0,0,2020,23995000
3989,6,4.0,10,2.0,1.0,14.2,2.0,Urban,1,0,1,2016,55556000
4374,6,4.0,39,2.0,1.0,12.2,2.0,Urban,1,0,1,1987,56307000
2643,3,2.0,37,1.0,2.0,25.9,4.0,Urban,0,0,0,1989,38105000
1611,3,2.0,39,2.5,2.0,10.3,2.0,Suburban,1,0,0,1987,21507000
3649,6,4.0,1,3.0,2.0,8.2,4.0,Urban,1,0,1,2025,55718000
1811,3,3.0,50,1.0,1.0,22.4,1.0,Rural,1,0,1,1976,20716000
3691,4,3.0,47,2.0,1.0,11.1,2.0,Urban,1,1,1,1979,49058000
3361,5,3.0,38,1.0,0.0,25.5,4.0,Urban,0,0,0,1988,43352000
3038,6,4.0,9,2.0,1.0,10.2,2.0,Urban,1,0,0,2017,45436000
4483,6,4.0,43,2.0,0.0,21.2,1.0,Rural,0,0,0,1983,59741000
951,2,3.0,16,1.0,1.0,1.8,2.0,Urban,0,0,1,2010,15120000
2023,4,3.0,6,2.5,1.0,11.9,4.0,Urban,1,0,1,2020,31561000
664,2,1.0,39,1.0,1.0,10.6,1.0,Suburban,0,0,1,1987,11254000
681,1,2.0,38,2.0,0.0,24.6,1.0,Urban,0,1,1,1988,11389000
3016,5,4.0,3,2.0,1.0,29.0,1.0,Suburban,1,0,1,2023,40778000
1409,3,3.0,34,1.0,1.0,14.1,3.0,Urban,1,0,1,1992,21891000
3282,6,4.0,50,1.0,0.0,24.8,4.0,Suburban,1,0,0,1976,41452000
1322,1,1.0,46,1.0,3.0,21.1,3.0,Urban,1,0,0,1980,17951000
1443,1,1.0,35,2.0,0.0,29.0,1.0,Suburban,1,0,1,1991,16690000
2501,2,2.0,30,2.0,2.0,24.4,3.0,Suburban,0,1,0,1996,35023000
2554,4,3.0,24,1.0,0.0,2.8,2.0,Suburban,1,1,1,2002,38473000
829,2,2.0,40,1.0,2.0,21.5,3.0,,1,0,1,1986,8989000
1274,1,2.0,12,1.0,0.0,16.3,5.0,Rural,0,0,1,2014,19470000
4244,6,4.0,17,2.0,2.0,1.0,1.0,Urban,1,1,1,2009,56325000
2698,4,3.0,20,2.0,1.0,7.9,1.0,Urban,1,0,0,2006,38633000
3656,5,4.0,47,1.0,2.0,27.7,4.0,Suburban,0,0,0,1979,51022000
646,1,1.0,0,2.0,1.0,27.8,2.0,Suburban,0,0,1,2026,11551000
4195,5,3.0,35,1.0,0.0,24.1,4.0,Urban,0,0,1,1991,55719000
3952,6,4.0,49,2.5,2.0,29.5,3.0,Suburban,1,0,1,1977,54118000
1414,4,3.0,7,2.5,0.0,24.3,5.0,Urban,1,0,1,2019,27520000
2071,3,2.0,47,2.0,3.0,0.8,,Suburban,1,0,1,1979,32392000
1808,1,1.0,20,3.0,0.0,9.0,5.0,Rural,1,0,0,2006,26520000
3247,6,4.0,42,2.5,1.0,1.4,5.0,Suburban,1,0,1,1984,45731000
581,1,1.0,20,2.5,2.0,3.3,2.0,Urban,1,0,0,2006,13843000
1013,1,1.0,26,2.0,1.0,7.0,3.0,,1,0,1,2000,19146000
2420,4,3.0,18,1.0,1.0,15.4,5.0,Suburban,1,0,1,2008,37150000
3362,5,4.0,22,1.0,2.0,25.5,1.0,Urban,1,0,0,2004,46718000
3256,4,3.0,50,1.0,2.0,25.9,3.0,Suburban,1,0,1,1976,39514000
2439,4,4.0,49,2.0,3.0,18.7,2.0,Rural,1,0,1,1977,31313000
4094,6,4.0,50,1.0,1.0,27.9,5.0,Urban,1,0,1,1976,53982000
1245,3,2.0,42,1.0,1.0,15.3,2.0,Urban,1,0,1,1984,17311000
3570,6,4.0,34,2.0,1.0,26.7,5.0,Urban,1,0,0,1992,50278000
1909,5,4.0,39,1.0,1.0,13.9,1.0,Suburban,1,0,1,1987,26427000
1206,3,3.0,50,2.0,2.0,8.7,3.0,Rural,1,0,0,1976,19787000
970,1,1.0,41,3.0,1.0,27.5,1.0,Suburban,1,0,1,1985,12680000
3690,6,4.0,47,2.0,1.0,11.9,5.0,Urban,1,0,1,1979,49951000
895,2,1.0,4,2.0,1.0,15.4,4.0,Suburban,0,0,1,2022,15309000
2055,4,3.0,40,2.0,2.0,10.2,3.0,Suburban,0,0,0,1986,29947000
2808,4,3.0,7,2.0,2.0,20.1,2.0,Suburban,1,0,1,2019,40040000
1304,1,2.0,10,1.0,2.0,29.9,5.0,Urban,0,1,0,2016,22676000
1433,1,1.0,15,2.5,1.0,1.3,1.0,Suburban,1,0,1,2011,21077000
1779,3,2.0,38,1.0,2.0,27.0,4.0,Suburban,1,0,1,1988,28826000
2257,4,,46,1.0,2.0,0.6,5.0,Urban,1,0,1,1980,35350000
1404,2,2.0,23,2.0,0.0,11.2,2.0,Suburban,1,1,1,2003,20884000
3797,6,4.0,20,1.0,0.0,5.5,1.0,Rural,1,0,1,2006,47316000
1576,4,2.0,22,1.5,0.0,22.8,3.0,Urban,1,0,1,2004,24510000
3487,4,3.0,48,1.0,1.0,2.0,4.0,Rural,1,0,1,1978,43504000
2390,4,3.0,37,1.0,2.0,16.8,5.0,Urban,1,1,0,1989,33528000
2023,3,3.0,46,1.0,1.0,9.2,5.0,Suburban,0,0,1,1980,30080000
4077,6,4.0,7,1.0,1.0,4.4,5.0,Urban,0,1,0,2019,59629000
3401,5,4.0,6,2.0,2.0,23.3,5.0,Urban,1,0,1,2020,52714000
1887,3,2.0,1,2.5,2.0,6.9,1.0,Suburban,1,1,1,2025,30637000
1803,3,2.0,29,1.5,2.0,7.1,3.0,Suburban,1,1,1,1997,28042000
1092,1,2.0,12,2.5,1.0,8.6,2.0,Suburban,1,1,1,2014,17337000
3261,4,3.0,22,1.0,0.0,17.8,4.0,Suburban,1,0,1,2004,43584000
3729,6,4.0,28,1.0,0.0,20.0,5.0,Suburban,1,1,1,1998,49794000
3179,4,3.0,37,1.0,0.0,1.0,5.0,Rural,0,1,1,1989,45594000
2606,5,4.0,36,2.0,1.0,7.6,3.0,Suburban,1,0,1,1990,35637000
4298,5,4.0,19,1.5,1.0,13.2,3.0,Urban,1,0,1,2007,59400000
627,2,1.0,32,2.0,0.0,10.3,1.0,Urban,1,0,1,1994,11113000
1235,2,2.0,28,2.0,0.0,26.6,1.0,Urban,1,0,0,1998,18995000
3268,5,,49,2.0,1.0,23.7,1.0,Suburban,1,0,1,1977,42598000
4453,5,4.0,14,2.0,2.0,19.0,4.0,Urban,1,0,1,2012,59544000
3686,5,4.0,22,3.0,2.0,10.5,1.0,Urban,1,0,1,2004,51228000
3780,6,4.0,41,1.0,1.0,21.2,5.0,Urban,1,0,1,1985,54876000
3073,4,3.0,2,1.5,1.0,25.4,1.0,Suburban,1,0,0,2024,40925000
1020,1,1.0,36,2.0,1.0,18.0,4.0,Urban,0,0,0,1990,18033000
3099,4,4.0,28,2.0,0.0,23.6,1.0,Urban,0,1,0,1998,44007000
736,1,1.0,44,1.0,1.0,22.6,1.0,Suburban,1,0,1,1982,10168000
1804,2,1.0,7,1.5,2.0,17.4,5.0,Suburban,1,0,1,2019,26892000
3930,6,4.0,21,2.0,3.0,9.7,5.0,Urban,1,0,1,2005,57829000
3772,6,,28,1.5,2.0,22.5,5.0,Suburban,1,0,1,1998,52187000
2281,3,1.0,1,1.0,2.0,6.6,1.0,Urban,1,0,1,2025,35853000
1801,2,1.0,40,3.0,2.0,23.5,5.0,Rural,1,0,1,1986,22887000
3806,6,4.0,48,2.0,0.0,24.2,3.0,Urban,0,0,1,1978,51424000
3041,5,4.0,49,2.0,3.0,24.8,2.0,Rural,1,0,1,1977,40577000
2551,3,2.0,44,2.0,0.0,14.5,2.0,Rural,1,0,1,1982,33045000
3213,3,2.0,0,2.5,2.0,6.2,5.0,Suburban,0,1,1,2026,48962000
941,2,2.0,43,1.0,1.0,3.4,4.0,Urban,0,0,1,1983,14560000
2576,4,4.0,19,1.0,,22.4,5.0,Suburban,1,0,1,2007,36536000
3680,6,4.0,20,2.0,2.0,26.6,5.0,Urban,1,1,0,2006,54761000
3157,6,4.0,36,2.0,1.0,19.7,1.0,Rural,1,1,0,1990,45135000
4298,6,4.0,7,1.0,1.0,4.8,4.0,Suburban,1,1,1,2019,61122000
1304,2,2.0,26,3.0,1.0,28.1,5.0,Rural,1,1,1,2000,24150000
574,1,1.0,46,2.0,1.0,29.7,3.0,Suburban,1,0,0,1980,8205000
3385,5,4.0,34,1.5,3.0,13.3,2.0,Suburban,1,1,1,1992,46768000
3717,6,4.0,5,1.0,2.0,18.0,3.0,Suburban,1,1,1,2021,55103000
2675,4,3.0,44,1.0,,23.4,3.0,Urban,0,0,1,1982,35396000
4424,6,4.0,43,2.0,1.0,22.2,3.0,Suburban,1,0,0,1983,57206000
2589,4,3.0,18,3.0,2.0,29.0,4.0,Suburban,1,0,1,2008,38727000
1879,3,2.0,17,1.5,1.0,3.9,4.0,Rural,1,0,0,2009,29670000
540,1,1.0,0,3.0,1.0,17.6,4.0,Suburban,1,0,1,2026,13812000
3481,6,4.0,24,2.5,1.0,20.9,2.0,Rural,0,0,0,2002,47156000
2581,3,2.0,26,2.0,2.0,26.8,1.0,Rural,0,0,1,2000,36718000
3588,6,4.0,6,2.0,0.0,26.3,5.0,Suburban,1,0,0,2020,52862000
2200,4,2.0,43,1.5,0.0,29.4,5.0,Urban,1,0,0,1983,30708000
3724,6,4.0,41,2.0,1.0,15.6,1.0,Suburban,1,0,1,1985,51789000
3545,5,3.0,28,1.0,1.0,25.0,5.0,Suburban,0,0,0,1998,47601000
1901,1,1.0,30,2.0,1.0,13.1,3.0,Urban,1,0,1,1996,28008000
1087,3,3.0,43,1.0,1.0,13.0,2.0,Urban,0,0,1,1983,18478000
2122,4,3.0,42,2.5,1.0,8.0,5.0,Rural,1,0,1,1984,31108000
4200,6,4.0,35,2.5,0.0,24.6,2.0,Urban,0,0,1,1991,54690000
4445,5,3.0,18,1.0,0.0,29.6,1.0,Suburban,1,0,1,2008,57176000
841,3,2.0,5,1.0,2.0,8.1,5.0,Rural,1,0,0,2021,16504000
2574,4,3.0,24,2.0,2.0,2.2,2.0,Suburban,1,0,1,2002,37946000
4396,6,4.0,30,2.0,1.0,24.6,3.0,Suburban,0,0,0,1996,58957000
3858,5,4.0,8,1.0,0.0,18.8,3.0,Suburban,1,0,1,2018,49564000
1145,1,1.0,19,2.0,0.0,28.8,1.0,Suburban,1,0,1,2007,16749000
1230,3,2.0,9,1.0,,7.9,4.0,Urban,0,1,1,2017,29125000
667,2,3.0,36,1.0,2.0,2.6,5.0,Rural,1,0,1,1990,12913000
1109,2,2.0,26,1.0,1.0,15.0,3.0,Suburban,1,0,1,2000,19689000
2815,4,3.0,12,1.0,2.0,3.0,3.0,Suburban,1,0,0,2014,42233000
2272,3,3.0,40,2.0,2.0,8.2,,Suburban,0,0,0,1986,27803000
2540,4,3.0,1,3.0,3.0,4.2,3.0,Urban,1,1,1,2025,42747000
3368,4,2.0,49,1.5,0.0,7.1,5.0,Rural,1,0,1,1977,42269000
954,1,1.0,20,2.0,1.0,3.6,1.0,Suburban,1,1,1,2006,16203000
3453,5,4.0,32,1.0,0.0,28.6,2.0,Urban,0,0,0,1994,43306000
2208,4,2.0,23,2.0,2.0,8.7,1.0,Rural,1,1,1,2003,33087000
3972,6,4.0,43,1.0,2.0,13.6,5.0,Suburban,1,0,1,1983,53942000
3469,4,3.0,41,2.0,1.0,27.0,5.0,Suburban,0,1,0,1985,49530000
3528,6,4.0,33,3.0,0.0,20.5,2.0,Suburban,1,0,0,1993,45742000
4047,6,4.0,8,1.0,1.0,18.7,1.0,Urban,1,0,1,2018,57725000
1201,3,3.0,1,2.0,1.0,21.3,5.0,Suburban,0,1,1,2025,24441000
3181,6,4.0,29,1.0,1.0,25.0,5.0,Urban,1,0,1,1997,44832000
4129,6,4.0,21,1.5,1.0,26.4,2.0,Suburban,1,0,1,2005,52893000
2099,3,4.0,45,1.0,0.0,19.5,4.0,Suburban,0,1,0,1981,29439000
629,3,,10,1.5,2.0,26.8,1.0,Rural,0,0,1,2016,12603000
3567,6,4.0,42,1.0,1.0,16.3,5.0,Suburban,1,0,1,1984,47579000
2345,5,4.0,16,1.5,1.0,8.7,3.0,Urban,1,0,1,2010,35248000
1886,2,2.0,35,1.5,0.0,26.5,2.0,Rural,0,0,1,1991,25379000
4276,6,4.0,12,1.0,2.0,16.5,4.0,Suburban,1,0,1,2014,58185000
3366,5,4.0,6,2.0,1.0,27.2,4.0,Suburban,1,0,1,2020,49509000
1192,2,2.0,15,2.5,2.0,1.7,2.0,Urban,0,0,0,2011,22975000
3863,6,4.0,32,1.5,1.0,12.2,4.0,Rural,1,0,1,1994,51038000
1894,3,2.0,44,1.0,3.0,28.5,5.0,Rural,1,0,1,1982,24169000
1293,3,2.0,0,1.0,2.0,7.9,4.0,Suburban,0,0,0,2026,24534000
528,1,1.0,10,2.5,1.0,28.3,1.0,Rural,1,0,1,2016,8711000
648,1,1.0,5,2.0,,28.6,3.0,Urban,1,0,0,2021,13225000
4350,6,4.0,19,2.0,1.0,26.5,5.0,Rural,0,0,0,2007,60924000
1819,2,2.0,34,1.0,1.0,17.1,2.0,Suburban,0,0,1,1992,23987000
2558,6,4.0,43,1.5,0.0,19.6,3.0,Urban,0,0,1,1983,37375000
4083,4,4.0,36,1.0,1.0,26.2,5.0,Suburban,0,1,1,1990,51955000
3223,6,4.0,40,3.0,2.0,23.4,3.0,Suburban,0,0,1,1986,44924000
1636,1,2.0,25,2.5,2.0,19.1,4.0,Urban,1,1,1,2001,25068000
686,1,1.0,11,1.0,0.0,29.5,2.0,Urban,1,0,0,2015,11129000
3354,5,4.0,29,2.0,1.0,20.7,2.0,Urban,0,0,0,1997,45091000
3291,6,4.0,27,1.0,1.0,29.3,1.0,Urban,1,0,1,1999,47931000
1750,2,2.0,26,1.5,2.0,2.2,4.0,Urban,0,1,1,2000,27262000
1833,4,3.0,41,2.5,1.0,4.6,1.0,Urban,0,0,1,1985,26390000
597,1,1.0,18,2.0,2.0,13.8,1.0,Urban,0,0,1,2008,14397000
554,2,2.0,4,1.0,1.0,11.9,4.0,Rural,1,0,1,2022,12063000
3170,4,4.0,4,1.0,1.0,23.6,5.0,Suburban,1,0,1,2022,44846000
3211,5,3.0,40,2.5,2.0,5.2,1.0,Urban,1,0,0,1986,46423000
1257,2,1.0,26,2.0,1.0,29.3,3.0,Rural,1,0,1,2000,17946000
905,3,2.0,27,2.0,0.0,9.8,5.0,Suburban,0,0,1,1999,17134000
2616,5,4.0,25,1.0,1.0,13.2,4.0,Suburban,0,1,1,2001,40028000
3883,6,4.0,26,1.0,0.0,8.6,2.0,Suburban,1,0,0,2000,54909000
1812,2,2.0,48,3.0,3.0,17.6,5.0,Suburban,0,1,1,1978,25725000
2285,3,2.0,41,2.0,1.0,2.2,1.0,Urban,1,1,0,1985,34818000
4119,5,4.0,20,1.5,1.0,4.9,3.0,Urban,0,1,1,2006,55309000
1250,1,1.0,0,2.0,1.0,22.5,4.0,Suburban,1,1,1,2026,20545000
3719,6,4.0,27,2.0,0.0,6.0,2.0,Suburban,1,1,1,1999,50895000
4038,6,4.0,47,1.0,2.0,7.4,3.0,Suburban,0,0,1,1979,53610000
2262,3,2.0,14,1.0,3.0,23.9,2.0,Urban,1,0,1,2012,31907000
3815,6,4.0,16,2.0,2.0,3.3,4.0,Suburban,1,0,1,2010,57292000
4062,6,4.0,25,2.0,1.0,13.4,5.0,Suburban,0,0,0,2001,57146000
4420,6,4.0,19,2.0,1.0,1.2,1.0,Rural,1,0,1,2007,58970000
3505,5,4.0,24,2.5,0.0,10.7,4.0,Urban,0,0,1,2002,48165000
4078,5,4.0,12,1.5,2.0,21.1,3.0,Rural,0,0,1,2014,57230000
864,2,1.0,32,1.0,1.0,3.2,5.0,Rural,0,1,1,1994,15679000
2526,4,3.0,24,3.0,1.0,26.7,2.0,Suburban,1,0,1,2002,35416000
981,1,1.0,7,1.5,2.0,27.3,5.0,Suburban,0,0,1,2019,16968000
2748,4,3.0,4,2.0,1.0,3.6,5.0,Urban,0,0,1,2022,41911000
653,1,1.0,5,2.0,0.0,29.7,3.0,Rural,1,0,1,2021,12946000
4021,6,4.0,22,2.0,0.0,9.3,1.0,Urban,0,1,1,2004,58068000
2024,3,2.0,29,1.0,1.0,3.0,5.0,Suburban,1,0,0,1997,28494000
2620,4,2.0,13,2.0,0.0,0.6,5.0,Urban,0,0,1,2013,38369000
3260,5,,22,2.5,1.0,12.6,1.0,Suburban,1,0,0,2004,44149000
2843,4,3.0,10,2.0,1.0,19.1,1.0,Suburban,1,0,1,2016,40511000
1540,2,2.0,30,2.0,1.0,10.3,2.0,Rural,1,0,1,1996,23493000
2164,3,2.0,5,1.0,2.0,25.2,2.0,Suburban,0,0,1,2021,28631000
1740,4,3.0,10,1.0,1.0,21.6,1.0,Rural,1,0,1,2016,23855000
560,1,1.0,12,1.0,2.0,10.8,4.0,Suburban,1,0,1,2014,11896000
1438,2,2.0,11,1.0,1.0,22.2,1.0,Urban,0,1,0,2015,23679000
2139,4,2.0,1,3.0,1.0,28.2,2.0,Urban,0,0,0,2025,30916000
2589,4,3.0,34,2.0,3.0,3.2,3.0,Suburban,0,0,1,1992,36605000
524,1,1.0,35,2.0,0.0,9.5,3.0,Urban,1,0,0,1991,9000000
1562,3,3.0,16,2.0,1.0,14.2,5.0,Suburban,1,0,1,2010,27718000
4374,6,4.0,27,1.0,2.0,15.2,3.0,Urban,0,1,1,1999,60580000
630,2,1.0,27,3.0,1.0,16.5,2.0,Suburban,0,0,1,1999,10351000
4069,6,4.0,21,1.5,1.0,9.4,3.0,Suburban,0,1,1,2005,54883000
1752,3,2.0,37,1.0,1.0,20.2,4.0,Suburban,0,0,1,1989,24286000
607,1,1.0,6,2.0,2.0,19.5,1.0,Urban,1,1,1,2020,13508000
671,1,2.0,14,2.5,2.0,17.5,1.0,Urban,1,0,1,2012,15224000
1958,4,2.0,31,2.5,0.0,3.9,2.0,Urban,0,0,0,1995,30804000
4049,6,4.0,10,1.0,0.0,14.6,5.0,Urban,1,0,1,2016,55677000
601,1,1.0,23,2.5,1.0,11.0,1.0,Suburban,1,0,1,2003,12729000
3413,6,4.0,2,1.0,1.0,15.0,3.0,Suburban,1,0,1,2024,50867000
3071,5,4.0,29,1.0,1.0,27.7,4.0,Urban,1,0,1,1997,42884000
2822,4,4.0,5,2.5,1.0,14.7,5.0,Suburban,0,0,0,2021,43556000
2136,1,1.0,1,2.5,1.0,0.9,5.0,Suburban,1,0,1,2025,31178000
3615,5,4.0,13,2.0,0.0,13.4,5.0,Urban,0,0,1,2013,52690000
3364,6,,40,2.0,3.0,24.7,1.0,Suburban,1,1,0,1986,51340000
3504,5,3.0,17,2.5,0.0,23.5,5.0,Urban,1,0,0,2009,50313000
1540,2,2.0,50,2.0,1.0,15.6,2.0,Suburban,0,1,1,1976,21193000
829,1,1.0,43,2.5,1.0,7.9,3.0,Suburban,1,0,1,1983,10953000
4140,5,2.0,30,2.0,3.0,14.2,4.0,Urban,1,0,1,1996,57019000
4394,6,4.0,12,3.0,2.0,17.1,3.0,Suburban,1,0,1,2014,63018000
2020,4,2.0,25,3.0,2.0,30.0,2.0,Suburban,1,1,1,2001,29653000
4386,5,4.0,43,1.0,0.0,19.5,2.0,Urban,0,1,1,1983,58725000
511,1,2.0,11,2.5,2.0,21.0,3.0,Suburban,1,1,1,2015,12838000
1841,2,3.0,17,2.0,1.0,15.0,1.0,Suburban,1,0,0,2009,25839000
4163,6,4.0,8,1.5,1.0,11.0,2.0,Suburban,1,0,0,2018,58300000
715,2,1.0,48,2.0,1.0,24.5,5.0,Suburban,1,0,1,1978,8952000
838,1,2.0,20,1.0,2.0,15.1,4.0,Rural,0,0,1,2006,13613000
2299,3,3.0,47,2.0,,29.8,4.0,Rural,0,1,0,1979,33084000
3208,4,3.0,48,2.5,2.0,14.0,2.0,Suburban,1,0,0,1978,42169000
3652,4,3.0,39,1.0,3.0,2.5,5.0,Rural,1,0,1,1987,49268000
2250,5,3.0,42,1.5,1.0,20.6,3.0,Urban,1,0,1,1984,32819000
2008,2,2.0,23,3.0,1.0,1.9,4.0,Suburban,1,0,1,2003,33789000
2921,6,4.0,33,1.5,0.0,7.9,5.0,Urban,1,0,1,1993,44419000
3523,5,3.0,7,1.5,2.0,10.9,5.0,Urban,1,0,1,2019,49637000
1209,2,2.0,43,1.5,1.0,22.3,1.0,Suburban,1,1,1,1983,16381000
1723,2,2.0,32,2.0,2.0,15.1,2.0,Suburban,1,0,1,1994,24964000
4108,6,4.0,22,2.0,1.0,1.3,5.0,Suburban,1,0,1,2004,60458000
3013,4,3.0,12,2.5,1.0,18.7,3.0,Suburban,1,0,1,2014,44158000
1612,2,1.0,48,2.0,0.0,12.6,4.0,Suburban,0,0,0,1978,23447000
1791,3,2.0,13,2.5,1.0,27.7,1.0,Suburban,0,0,1,2013,23856000
4226,6,3.0,13,2.0,2.0,15.2,3.0,Urban,0,0,1,2013,59940000
4142,5,4.0,15,1.0,0.0,21.4,4.0,Urban,0,0,0,2011,55042000
4493,6,4.0,48,2.0,1.0,7.0,2.0,Urban,0,0,1,1978,59178000
988,1,1.0,37,2.0,0.0,22.9,3.0,Suburban,1,0,1,1989,15872000
4448,6,4.0,38,2.0,1.0,21.8,4.0,Urban,1,0,0,1988,59087000
2061,4,4.0,25,1.0,1.0,27.2,1.0,Urban,0,0,1,2001,27335000
546,1,1.0,25,1.0,1.0,1.5,4.0,Suburban,1,1,1,2001,12049000
3859,6,3.0,0,1.0,2.0,13.7,5.0,Suburban,1,0,1,2026,56030000
1277,2,1.0,31,1.0,1.0,20.5,1.0,Suburban,0,1,1,1995,19772000
1539,2,2.0,14,2.0,1.0,3.3,3.0,Urban,1,0,0,2012,23570000
1210,3,3.0,20,1.0,1.0,12.6,2.0,Suburban,0,0,0,2006,18501000
900,1,1.0,17,2.0,0.0,28.3,1.0,Suburban,1,0,1,2009,13874000
4490,6,4.0,29,1.0,1.0,13.4,1.0,Rural,0,1,1,1997,59884000
2317,3,3.0,12,1.0,1.0,29.6,1.0,Suburban,1,0,1,2014,32589000
3528,6,4.0,23,2.0,1.0,2.2,4.0,Urban,1,1,1,2003,52649000
3657,6,4.0,29,1.0,2.0,21.7,5.0,Suburban,0,0,1,1997,49768000
749,2,1.0,1,2.5,1.0,17.6,2.0,Urban,1,0,1,2025,17448000
890,2,2.0,18,1.0,2.0,15.3,2.0,Urban,0,0,1,2008,18321000
4353,6,4.0,46,1.5,3.0,29.1,5.0,Urban,1,0,1,1980,58328000
834,1,1.0,43,2.5,0.0,4.3,4.0,Suburban,1,0,1,1983,12834000
1128,1,2.0,46,2.0,1.0,26.9,4.0,Suburban,1,0,0,1980,17422000
4090,6,4.0,24,1.0,1.0,20.9,5.0,Suburban,0,0,1,2002,56416000
636,1,1.0,49,1.5,,8.1,5.0,Suburban,0,0,0,1977,11617000
3430,5,4.0,13,2.0,2.0,27.1,3.0,Urban,1,0,1,2013,49853000
3235,6,4.0,5,3.0,2.0,13.2,4.0,Suburban,0,0,1,2021,49292000
4411,6,4.0,11,2.5,1.0,24.5,1.0,Suburban,1,0,1,2015,58871000
2021,4,3.0,19,1.0,1.0,12.0,,Suburban,1,0,0,2007,26425000
1326,3,1.0,22,3.0,0.0,25.6,4.0,Suburban,1,0,0,2004,21455000
1226,3,2.0,29,1.0,1.0,19.3,5.0,Urban,0,1,1,1997,23292000
2000,3,2.0,29,1.0,2.0,4.7,1.0,Suburban,1,0,0,1997,28673000
3141,5,3.0,37,2.5,1.0,19.7,3.0,Suburban,1,1,1,1989,43152000
3794,5,3.0,29,1.0,1.0,6.1,3.0,Suburban,1,0,1,1997,50335000
1489,3,2.0,40,1.0,2.0,12.7,1.0,Suburban,1,0,1,1986,25825000
2919,4,3.0,29,1.0,1.0,5.5,1.0,Rural,0,0,0,1997,38624000
1434,2,1.0,35,1.5,1.0,1.1,5.0,Urban,0,0,1,1991,18516000
3542,6,4.0,48,2.0,,6.8,5.0,Suburban,0,0,1,1978,48133000
901,2,2.0,33,2.0,1.0,16.3,2.0,Suburban,1,0,1,1993,14477000
1966,5,4.0,15,1.0,2.0,14.7,2.0,Urban,0,0,0,2011,29118000
4061,6,4.0,23,2.0,2.0,15.3,3.0,Urban,1,0,1,2003,56869000
1114,3,3.0,13,3.0,0.0,7.8,1.0,Suburban,1,0,1,2013,18863000
1796,1,2.0,25,2.5,3.0,20.7,3.0,Urban,1,0,0,2001,27175000
4097,6,4.0,7,1.0,1.0,21.3,5.0,Urban,0,0,1,2019,57654000
1682,3,3.0,13,3.0,2.0,11.1,4.0,Rural,1,1,1,2013,27273000
3723,5,3.0,30,2.0,2.0,26.5,5.0,Suburban,1,0,0,1996,50462000
3542,6,4.0,1,1.0,1.0,19.5,4.0,Urban,0,0,1,2025,53310000
3167,4,3.0,47,1.0,2.0,21.5,1.0,Suburban,0,1,1,1979,41778000
2735,5,3.0,3,1.0,1.0,8.7,1.0,Suburban,1,0,0,2023,39264000
4384,6,4.0,0,2.0,1.0,0.5,1.0,Rural,1,0,1,2026,60576000
1621,2,1.0,19,1.0,2.0,26.0,2.0,Suburban,0,0,1,2007,22739000
630,2,2.0,13,2.0,2.0,24.8,2.0,Rural,0,0,1,2013,9677000
3352,6,4.0,39,1.0,2.0,4.1,4.0,Urban,0,0,1,1987,49219000
1694,3,2.0,24,3.0,2.0,11.5,3.0,Suburban,1,0,1,2002,25610000
3483,5,3.0,24,1.0,1.0,20.0,3.0,Urban,1,0,0,2002,47458000
3533,4,2.0,2,2.5,1.0,19.7,4.0,Urban,1,0,0,2024,47479000
682,1,1.0,4,3.0,3.0,25.9,2.0,,1,0,1,2022,15427000
3530,6,4.0,37,1.0,1.0,4.6,5.0,Urban,1,0,1,1989,50972000
863,1,1.0,25,2.0,2.0,13.2,4.0,Suburban,1,0,0,2001,15643000
538,1,,39,1.0,1.0,3.4,,Rural,0,1,1,1987,11069000
4098,6,4.0,37,2.5,2.0,12.0,4.0,Urban,1,0,1,1989,58877000
4459,6,4.0,37,2.0,1.0,0.9,4.0,Urban,0,1,1,1989,60980000
3044,5,3.0,3,1.0,3.0,27.0,1.0,Suburban,1,0,0,2023,43103000
4087,6,4.0,6,1.0,1.0,16.0,2.0,Rural,0,0,1,2020,54906000
1872,4,3.0,29,1.5,3.0,25.6,1.0,Suburban,0,0,1,1997,26871000
3529,3,3.0,29,3.0,0.0,2.3,2.0,Suburban,0,0,1,1997,45252000
1420,2,2.0,18,2.0,1.0,7.2,4.0,Urban,1,0,1,2008,26661000
3968,5,4.0,38,2.5,2.0,8.2,2.0,Urban,1,0,1,1988,56178000
3269,5,4.0,34,1.5,2.0,11.9,3.0,Suburban,1,0,0,1992,46276000
3732,6,3.0,39,1.0,2.0,24.2,1.0,Urban,1,0,0,1987,52141000
515,2,2.0,32,3.0,0.0,11.9,4.0,Rural,1,0,0,1994,11351000
992,3,2.0,32,1.0,0.0,6.5,3.0,Suburban,1,1,0,1994,17230000
1949,2,2.0,13,3.0,1.0,2.4,2.0,Suburban,0,1,1,2013,29337000
1631,3,2.0,37,1.5,0.0,2.8,2.0,Suburban,1,0,1,1989,24385000
3441,5,3.0,9,1.0,3.0,22.9,3.0,Suburban,0,0,1,2017,45730000
4021,5,4.0,27,2.0,1.0,13.6,2.0,Suburban,1,0,1,1999,55700000
810,2,2.0,13,3.0,1.0,21.9,1.0,Rural,1,1,1,2013,12138000
1238,2,1.0,35,3.0,0.0,20.6,5.0,Rural,1,0,0,1991,20244000
3741,5,4.0,37,1.0,1.0,4.5,2.0,Rural,0,1,1,1989,50873000
1045,1,1.0,15,1.0,,4.7,4.0,,1,0,1,2011,20317000
2961,4,3.0,20,2.0,0.0,22.8,2.0,Suburban,1,1,1,2006,42100000
750,2,2.0,27,2.0,1.0,21.8,4.0,Suburban,1,0,1,1999,15485000
1258,4,3.0,32,2.0,1.0,11.7,2.0,Urban,1,0,0,1994,22805000
2304,4,4.0,5,1.0,3.0,2.8,2.0,Urban,0,0,1,2021,34826000
3712,6,4.0,40,3.0,1.0,0.9,4.0,Urban,1,1,1,1986,52376000
1797,3,2.0,14,2.0,1.0,9.0,1.0,Urban,0,1,1,2012,26850000
3987,6,,43,2.5,3.0,0.8,5.0,Suburban,1,0,1,1983,56196000
2131,4,3.0,2,2.0,2.0,7.3,5.0,Urban,0,0,0,2024,35275000
4310,6,3.0,42,1.5,3.0,12.9,1.0,Rural,1,1,1,1984,56906000
2414,4,3.0,46,3.0,3.0,4.1,2.0,Rural,1,1,1,1980,35846000
3610,6,3.0,34,2.0,1.0,3.6,5.0,Urban,1,0,1,1992,50536000
1313,1,1.0,13,2.5,2.0,26.9,1.0,Urban,1,0,1,2013,21789000
528,2,2.0,1,3.0,0.0,17.8,1.0,Rural,0,0,1,2025,11626000
1457,4,3.0,28,2.0,1.0,28.1,5.0,Rural,1,1,1,1998,27376000
2532,5,3.0,3,2.0,2.0,10.7,4.0,Rural,1,0,1,2023,39502000
976,1,1.0,25,1.0,1.0,20.5,3.0,Rural,1,0,0,2001,13726000
817,1,1.0,50,1.0,2.0,6.5,4.0,Rural,0,0,1,1976,15418000
744,2,1.0,11,1.0,2.0,18.7,2.0,Suburban,0,0,1,2015,13393000
1247,1,1.0,1,1.0,1.0,4.3,4.0,Urban,0,0,1,2025,21998000
1196,2,2.0,16,1.0,2.0,0.6,3.0,Suburban,1,0,1,2010,21389000
771,3,2.0,34,1.0,,28.0,3.0,Urban,0,0,1,1992,15552000
4011,6,4.0,9,1.5,1.0,16.9,1.0,Rural,1,0,0,2017,53990000
2271,3,3.0,47,1.5,2.0,27.8,2.0,Suburban,1,1,0,1979,36306000
1762,3,3.0,21,1.0,1.0,10.3,1.0,Suburban,1,0,0,2005,24798000
2924,3,2.0,40,1.0,2.0,10.2,4.0,Urban,0,0,1,1986,42548000
765,1,1.0,42,2.0,1.0,12.3,4.0,Suburban,1,0,1,1984,10122000
3473,5,3.0,20,2.0,1.0,21.3,5.0,Suburban,1,0,1,2006,47259000
1420,2,2.0,14,1.5,2.0,17.2,1.0,Rural,1,0,1,2012,17975000
3930,6,4.0,34,2.0,1.0,27.8,1.0,Urban,1,0,1,1992,51249000
839,4,3.0,47,2.5,1.0,1.3,1.0,Rural,0,1,1,1979,12105000
888,1,1.0,20,1.5,0.0,21.4,1.0,Rural,1,0,0,2006,12194000
3124,4,3.0,20,2.0,2.0,10.2,3.0,Suburban,0,0,1,2006,42160000
4260,6,4.0,20,3.0,0.0,5.8,5.0,Suburban,1,0,1,2006,62656000
2550,2,2.0,43,2.5,2.0,15.6,2.0,Suburban,1,1,1,1983,35818000
4000,5,4.0,31,1.5,,15.4,2.0,Urban,0,0,1,1995,53807000
1665,2,2.0,4,2.0,2.0,4.5,2.0,Urban,1,1,1,2022,29043000
875,1,1.0,38,1.0,3.0,6.5,3.0,Rural,1,0,1,1988,14523000
4241,6,4.0,8,2.0,1.0,12.5,5.0,Suburban,1,0,1,2018,62346000
2533,4,3.0,17,3.0,1.0,12.6,5.0,Urban,0,0,1,2009,38027000
2871,5,4.0,20,2.0,2.0,9.9,3.0,Suburban,0,0,0,2006,40494000
645,2,2.0,7,3.0,2.0,4.9,1.0,Suburban,1,0,1,2019,15254000
2481,4,3.0,43,1.5,1.0,0.6,4.0,Urban,0,0,1,1983,38769000
792,1,1.0,33,3.0,2.0,29.1,1.0,Suburban,1,0,1,1993,9737000
4236,6,4.0,9,2.0,2.0,28.3,2.0,Urban,0,1,1,2017,60479000
931,1,1.0,50,1.0,2.0,14.8,1.0,Urban,0,1,1,1976,16314000
1204,1,1.0,40,2.0,2.0,29.9,3.0,Suburban,1,0,1,1986,18109000
3496,6,4.0,23,1.0,1.0,20.4,2.0,Suburban,1,0,1,2003,48924000
2498,5,4.0,39,1.0,3.0,2.5,4.0,Urban,1,0,1,1987,39357000
3132,4,3.0,23,2.5,1.0,4.0,2.0,Suburban,1,0,1,2003,46974000
898,1,1.0,31,1.0,0.0,27.5,1.0,Urban,1,0,1,1995,14350000
3364,4,3.0,32,2.0,1.0,19.1,5.0,Urban,1,0,1,1994,44394000
4460,6,,37,1.0,0.0,25.4,5.0,Urban,1,0,0,1989,59755000
3915,6,4.0,43,1.0,0.0,27.0,5.0,Urban,1,0,1,1983,53555000
1463,3,2.0,50,3.0,1.0,13.7,2.0,Urban,1,0,1,1976,23955000
3711,6,4.0,48,1.5,0.0,1.9,5.0,Rural,1,1,1,1978,51581000
2734,5,3.0,33,2.0,2.0,6.1,3.0,Suburban,1,0,0,1993,39435000
2541,4,3.0,10,2.0,0.0,2.5,4.0,Urban,0,0,1,2016,38786000
2328,5,4.0,30,2.0,1.0,6.1,5.0,Urban,0,0,1,1996,37079000
2608,5,4.0,17,2.5,0.0,12.6,3.0,Urban,0,0,1,2009,39167000
1438,4,3.0,22,2.0,0.0,4.0,3.0,Suburban,0,0,1,2004,23063000
3951,6,4.0,21,1.5,1.0,5.4,2.0,Urban,0,0,1,2005,54658000
1209,1,1.0,42,2.5,1.0,13.7,2.0,Urban,1,0,0,1984,18096000
1306,3,2.0,17,1.0,3.0,10.5,4.0,Suburban,1,1,1,2009,25174000
1963,3,3.0,39,2.0,2.0,14.3,4.0,,0,0,0,1987,33427000
3890,6,4.0,46,3.0,2.0,13.2,1.0,Urban,1,0,0,1980,50378000
1825,3,2.0,40,2.0,1.0,19.5,4.0,Suburban,1,0,0,1986,27317000
3915,6,4.0,46,2.5,1.0,28.1,2.0,Urban,1,0,1,1980,55244000
510,1,1.0,38,2.0,0.0,3.7,3.0,Urban,1,1,0,1988,9996000
1585,2,3.0,19,2.5,2.0,3.4,1.0,Suburban,1,0,0,2007,25777000
2368,4,3.0,12,3.0,0.0,25.7,4.0,Suburban,0,0,0,2014,34229000
2773,5,4.0,44,1.0,1.0,15.4,3.0,Suburban,0,0,1,1982,37237000
3724,6,4.0,0,1.0,1.0,23.1,2.0,Urban,0,0,1,2026,51467000
4282,6,4.0,3,2.0,1.0,6.9,5.0,Suburban,1,0,1,2023,61109000
3111,4,4.0,23,2.0,3.0,25.0,1.0,Urban,1,0,1,2003,43561000
1271,4,3.0,35,1.0,2.0,27.8,3.0,Suburban,0,0,0,1991,21321000
2094,3,3.0,35,1.0,2.0,19.2,2.0,Suburban,0,0,1,1991,26318000
2107,2,2.0,44,1.0,1.0,3.6,2.0,Urban,1,0,0,1982,30219000
4231,6,4.0,1,3.0,2.0,26.9,1.0,Suburban,1,0,1,2025,60166000
4432,6,4.0,27,2.0,2.0,23.9,1.0,Suburban,1,1,1,1999,60659000
4146,6,4.0,25,1.5,3.0,22.7,4.0,Urban,1,0,1,2001,62376000
1833,3,2.0,22,1.0,1.0,1.6,4.0,Rural,1,0,1,2004,29488000
1384,3,2.0,14,1.5,1.0,24.1,1.0,Rural,0,0,1,2012,19000000
3814,5,4.0,35,1.0,2.0,4.6,1.0,Urban,1,0,0,1991,49463000
4064,6,4.0,26,1.0,1.0,7.1,3.0,Rural,0,0,0,2000,52808000
1889,2,2.0,5,2.5,2.0,17.5,4.0,Suburban,1,0,1,2021,28640000
3901,6,4.0,34,3.0,3.0,8.3,2.0,Suburban,1,1,0,1992,51917000
3678,6,4.0,38,1.0,1.0,20.0,4.0,Rural,0,0,1,1988,49827000
725,1,2.0,37,1.0,1.0,18.4,4.0,Suburban,1,0,1,1989,10055000
1324,1,1.0,34,1.0,1.0,3.7,1.0,Urban,1,0,1,1992,19449000
2765,5,4.0,35,2.0,2.0,19.9,1.0,Rural,0,0,1,1991,38940000
1436,2,2.0,9,1.0,2.0,27.8,4.0,Urban,0,0,0,2017,25752000
3300,5,4.0,29,1.0,0.0,5.3,5.0,Urban,0,1,0,1997,47679000
3053,5,4.0,40,1.0,1.0,18.1,5.0,Urban,1,1,0,1986,43456000
2806,5,3.0,37,2.0,0.0,10.6,4.0,Rural,1,0,1,1989,41208000
2411,5,3.0,28,2.0,2.0,14.1,5.0,Rural,1,0,1,1998,38644000
4345,6,4.0,42,2.0,1.0,9.0,4.0,Urban,1,0,1,1984,60701000
4088,6,4.0,38,1.5,1.0,10.9,1.0,Rural,1,0,1,1988,51966000
2296,3,,49,2.5,2.0,1.4,1.0,Urban,1,0,1,1977,30040000
553,1,1.0,3,3.0,0.0,29.5,1.0,Rural,1,0,1,2023,11831000
3618,5,3.0,4,1.0,1.0,18.9,2.0,Suburban,1,0,0,2022,49666000
1226,2,2.0,3,1.0,1.0,15.3,1.0,Urban,1,0,1,2023,22882000
3236,4,3.0,35,2.0,1.0,11.8,1.0,Urban,0,0,0,1991,41936000
2044,3,2.0,44,1.0,1.0,16.4,4.0,Urban,0,0,1,1982,30834000
3670,6,4.0,15,1.5,3.0,11.7,5.0,Urban,0,0,0,2011,56312000
1543,2,2.0,24,2.0,2.0,11.1,5.0,Suburban,1,0,1,2002,24529000
2413,3,2.0,13,2.0,2.0,14.2,1.0,Urban,1,0,1,2013,35606000
2276,2,3.0,10,1.0,3.0,8.6,1.0,Rural,0,0,0,2016,29097000
2096,3,3.0,28,2.0,1.0,5.8,1.0,Suburban,1,0,1,1998,27988000
2414,2,2.0,33,3.0,1.0,16.9,4.0,Suburban,1,0,0,1993,33962000
4061,6,4.0,21,1.0,1.0,25.4,4.0,Urban,1,1,1,2005,56766000
2966,4,3.0,13,2.0,2.0,5.0,4.0,Rural,0,0,1,2013,42607000
3237,5,3.0,23,1.0,2.0,1.5,5.0,Suburban,1,0,1,2003,47243000
1349,2,1.0,38,1.0,,7.8,2.0,Rural,0,1,1,1988,20127000
2609,5,4.0,25,2.0,1.0,29.4,5.0,Rural,0,0,1,2001,38334000
3716,6,4.0,42,1.0,1.0,24.9,4.0,Urban,1,0,1,1984,52780000
2763,3,2.0,35,1.0,1.0,18.1,3.0,Urban,1,0,1,1991,38019000
502,3,3.0,38,1.0,2.0,27.9,2.0,Rural,0,0,1,1988,9561000
659,1,1.0,15,2.0,1.0,13.6,1.0,Rural,1,0,1,2011,10863000
4310,6,4.0,37,2.0,2.0,29.5,5.0,Suburban,1,0,0,1989,60187000
1280,2,1.0,31,1.0,1.0,9.2,2.0,Urban,1,0,1,1995,22949000
3691,6,3.0,5,2.0,2.0,7.6,3.0,Suburban,1,0,0,2021,54304000
1392,2,2.0,33,1.0,3.0,19.3,2.0,Urban,0,0,1,1993,21925000
2530,2,1.0,7,2.0,2.0,11.7,5.0,Urban,1,0,1,2019,37437000
3660,6,4.0,29,1.5,0.0,19.0,4.0,Suburban,0,0,0,1997,50442000
2876,4,3.0,26,2.0,1.0,9.5,1.0,Urban,1,0,1,2000,39716000
1079,1,1.0,6,3.0,1.0,18.7,4.0,Suburban,0,0,1,2020,17438000
2433,3,2.0,26,3.0,1.0,8.6,4.0,Rural,1,1,1,2000,35219000
1880,3,2.0,24,1.0,2.0,2.0,5.0,Rural,0,0,0,2002,31021000
4181,6,4.0,45,2.5,3.0,27.4,4.0,Rural,1,0,1,1981,55496000
1790,3,2.0,40,1.0,0.0,26.6,4.0,,1,0,1,1986,26960000
2140,3,3.0,14,3.0,1.0,29.1,5.0,Urban,1,0,0,2012,31671000
1451,2,1.0,24,1.0,1.0,21.6,5.0,Rural,0,0,1,2002,21035000
3894,6,4.0,21,1.5,2.0,20.6,3.0,Rural,1,0,1,2005,54381000
3182,5,4.0,17,1.0,3.0,17.0,4.0,Rural,0,0,1,2009,46278000
1487,1,1.0,11,1.0,1.0,4.2,2.0,Suburban,1,0,1,2015,20242000
4112,6,4.0,22,2.0,0.0,6.1,1.0,Urban,1,0,1,2004,54285000
4220,6,4.0,50,3.0,2.0,9.0,1.0,Urban,1,0,1,1976,57840000
1718,4,3.0,44,2.0,2.0,26.8,5.0,Urban,1,0,1,1982,26425000
1420,2,1.0,38,2.0,1.0,5.6,5.0,Rural,0,0,1,1988,21710000
3285,4,3.0,24,2.0,2.0,27.7,3.0,Suburban,0,0,1,2002,47135000
1855,3,3.0,9,1.0,3.0,15.9,4.0,Rural,1,0,1,2017,27756000
669,2,2.0,29,1.0,1.0,21.6,5.0,Suburban,1,0,1,1997,12402000
1020,1,1.0,9,1.0,1.0,3.8,5.0,Suburban,1,0,0,2017,14582000
1986,3,3.0,33,1.5,1.0,8.4,1.0,Urban,1,1,1,1993,31543000
539,1,1.0,45,1.0,1.0,28.8,4.0,Urban,0,0,1,1981,12987000
2060,2,2.0,12,1.0,,8.4,3.0,Suburban,1,0,0,2014,27628000
3832,5,4.0,28,1.0,1.0,9.2,5.0,Suburban,1,0,0,1998,55183000
1918,3,2.0,37,1.0,0.0,6.3,5.0,Urban,1,0,1,1989,31337000
1454,3,2.0,40,2.5,1.0,4.3,5.0,Suburban,1,0,1,1986,25039000
3797,6,4.0,44,1.0,1.0,7.4,1.0,Urban,1,1,1,1982,51313000
1483,2,1.0,8,2.0,1.0,19.4,5.0,Rural,1,0,0,2018,22533000
3695,5,4.0,12,2.0,2.0,13.9,5.0,Urban,1,1,0,2014,56021000
1474,3,2.0,36,2.0,2.0,16.8,1.0,Suburban,1,0,1,1990,22667000
537,1,1.0,13,1.0,1.0,4.1,5.0,Urban,0,1,1,2013,13730000
2875,4,2.0,36,1.0,1.0,24.2,4.0,Suburban,0,0,1,1990,39282000
1774,4,3.0,8,1.0,2.0,23.6,4.0,Suburban,0,0,1,2018,27929000
4472,6,4.0,7,1.5,1.0,1.1,1.0,Suburban,1,1,1,2019,62236000
1699,2,1.0,38,1.0,3.0,11.8,4.0,Rural,1,0,0,1988,23132000
2125,3,3.0,39,2.0,1.0,2.5,3.0,Urban,1,1,1,1987,34716000
1413,2,2.0,2,2.0,2.0,23.9,5.0,Urban,1,0,0,2024,22413000
953,4,4.0,46,2.0,0.0,22.2,3.0,,0,1,0,1980,18310000
536,1,1.0,39,1.5,2.0,27.1,4.0,Suburban,1,0,1,1987,10461000
3887,6,4.0,32,1.5,2.0,7.5,1.0,Urban,0,0,1,1994,49088000
2211,4,3.0,31,2.5,3.0,14.0,1.0,Suburban,1,0,1,1995,33894000
3520,6,4.0,6,1.0,3.0,5.9,3.0,Urban,0,0,1,2020,53787000
1295,2,2.0,18,2.0,1.0,11.5,4.0,Urban,1,0,1,2008,21736000
1472,2,1.0,33,2.0,1.0,15.9,5.0,Suburban,1,0,1,1993,23375000
1092,2,2.0,13,1.5,1.0,2.1,4.0,Rural,1,0,1,2013,19385000
1637,2,2.0,49,1.0,1.0,21.6,4.0,Suburban,1,0,1,1977,26591000
3611,5,4.0,46,2.0,1.0,16.5,1.0,Suburban,0,0,1,1980,47918000
1824,2,2.0,45,1.0,2.0,25.0,2.0,Rural,0,0,1,1981,22941000
2771,6,4.0,18,1.0,2.0,8.5,5.0,Urban,1,0,1,2008,45495000
817,1,1.0,50,1.0,1.0,27.1,5.0,Suburban,1,0,1,1976,15120000
2896,4,3.0,25,1.0,1.0,30.0,1.0,Rural,1,0,1,2001,41334000
2662,4,3.0,16,2.0,0.0,27.6,4.0,Urban,0,0,1,2010,37475000
3245,6,4.0,27,2.5,2.0,23.4,1.0,Urban,1,1,1,1999,48248000
1846,3,3.0,18,1.0,1.0,24.5,4.0,Rural,1,0,0,2008,25748000
2091,2,1.0,26,3.0,2.0,17.4,2.0,Rural,1,0,1,2000,32472000
3611,6,4.0,47,3.0,2.0,6.1,2.0,Urban,1,0,1,1979,50647000
2389,5,3.0,18,3.0,2.0,20.5,3.0,Urban,1,0,1,2008,39014000
2587,5,4.0,32,2.5,1.0,21.5,4.0,Urban,0,0,0,1994,37945000
4430,6,4.0,50,1.5,0.0,29.6,1.0,Urban,0,0,1,1976,57361000
2496,5,3.0,6,1.0,3.0,16.5,1.0,Suburban,1,0,0,2020,33791000
2272,4,3.0,28,2.0,2.0,8.5,1.0,Suburban,1,0,1,1998,34808000
1812,4,3.0,42,2.0,3.0,20.7,3.0,Rural,0,0,1,1984,28361000
1785,3,2.0,4,2.5,1.0,29.4,5.0,Urban,1,0,1,2022,28558000
715,1,1.0,29,3.0,2.0,5.7,1.0,Rural,0,0,1,1997,7928000
3718,6,4.0,48,2.0,0.0,10.1,2.0,Urban,1,0,0,1978,52862000
2883,4,3.0,42,1.0,2.0,16.5,1.0,Urban,0,0,1,1984,41013000
3739,6,4.0,7,1.0,2.0,5.5,1.0,Suburban,1,0,1,2019,54185000
2639,3,2.0,41,1.0,2.0,1.2,1.0,Urban,1,1,1,1985,36741000
2900,5,4.0,11,2.0,2.0,10.4,5.0,Urban,0,0,1,2015,44208000
3118,6,4.0,41,2.0,1.0,26.0,1.0,Rural,1,1,0,1985,44718000
4142,6,4.0,12,2.5,3.0,1.8,5.0,Urban,0,1,1,2014,61135000
3363,6,4.0,25,2.0,3.0,13.2,5.0,Suburban,1,0,1,2001,49864000
2204,4,3.0,17,2.5,0.0,23.0,3.0,Urban,1,0,1,2009,33562000
3328,4,3.0,41,2.0,3.0,28.6,2.0,Urban,1,0,1,1985,45505000
862,1,1.0,50,2.5,1.0,29.6,1.0,Suburban,1,0,1,1976,11038000
3104,4,3.0,48,1.0,2.0,12.9,1.0,Rural,1,0,0,1978,39273000
3916,6,4.0,19,2.5,1.0,28.5,1.0,Suburban,1,0,0,2007,56146000
2216,2,2.0,15,2.0,3.0,1.5,5.0,Suburban,0,0,1,2011,34611000
1693,2,2.0,36,1.0,0.0,22.5,4.0,Rural,0,0,1,1990,22976000
855,1,1.0,2,1.0,1.0,19.5,2.0,Suburban,1,0,0,2024,16094000
690,1,1.0,26,3.0,1.0,7.9,1.0,Urban,1,0,0,2000,10646000
4238,6,4.0,14,1.0,1.0,15.5,4.0,Suburban,1,0,1,2012,60541000
2969,4,2.0,33,2.0,2.0,4.3,4.0,Suburban,0,0,1,1993,41935000
1199,2,2.0,44,1.0,0.0,26.2,4.0,Suburban,1,1,0,1982,17169000
2554,2,1.0,21,2.0,2.0,11.1,2.0,Suburban,1,0,1,2005,34678000
2680,2,2.0,39,2.5,3.0,19.0,4.0,Urban,1,0,1,1987,38445000
4318,6,4.0,22,1.5,2.0,5.2,1.0,Suburban,0,0,1,2004,58288000
1056,1,1.0,48,1.5,2.0,6.6,1.0,Suburban,0,1,1,1978,17292000
1325,2,2.0,3,3.0,1.0,29.8,3.0,Suburban,0,0,1,2023,20334000
3308,4,4.0,50,2.0,1.0,22.7,5.0,Rural,1,0,0,1976,41495000
1554,2,1.0,40,2.5,1.0,28.9,4.0,Rural,1,0,0,1986,19449000
3082,5,3.0,22,1.5,0.0,9.2,5.0,Suburban,0,0,1,2004,43202000
925,1,1.0,46,1.0,3.0,5.4,5.0,Suburban,1,1,1,1980,16866000
3965,6,4.0,8,1.5,0.0,15.3,5.0,Suburban,1,0,1,2018,55752000
3219,5,3.0,23,2.0,2.0,15.1,5.0,Suburban,0,0,0,2003,43692000
2910,5,4.0,20,1.0,0.0,5.7,5.0,Rural,1,0,1,2006,39523000
4008,6,4.0,40,1.0,2.0,22.1,1.0,Suburban,1,1,1,1986,51696000
4241,6,3.0,45,1.0,1.0,11.2,2.0,Urban,1,0,1,1981,55598000
2074,4,3.0,15,1.5,0.0,6.0,4.0,Suburban,1,0,1,2011,30821000
4498,6,4.0,24,2.5,2.0,10.3,4.0,Suburban,1,0,0,2002,61243000
2629,5,4.0,25,1.0,1.0,17.1,1.0,Suburban,0,1,1,2001,40354000
2903,3,2.0,48,2.0,2.0,21.9,,Suburban,0,0,1,1978,34534000
3829,6,4.0,44,3.0,1.0,14.7,5.0,Urban,0,0,1,1982,54131000
4289,6,4.0,8,1.0,0.0,16.0,2.0,Urban,1,0,0,2018,56761000
1088,2,2.0,14,2.0,3.0,4.6,4.0,Urban,0,0,1,2012,18522000
2512,4,3.0,38,3.0,1.0,27.5,3.0,Suburban,0,0,1,1988,35409000
2047,2,2.0,32,3.0,2.0,27.9,1.0,Urban,1,0,0,1994,29610000
794,1,1.0,0,1.0,1.0,20.7,3.0,Rural,1,0,1,2026,15170000
2485,4,3.0,4,1.0,2.0,1.0,4.0,Urban,0,1,0,2022,41802000
1747,2,2.0,8,1.0,1.0,16.3,1.0,Rural,0,0,1,2018,23678000
2048,5,3.0,43,2.0,1.0,19.1,4.0,Urban,1,0,1,1983,31927000
3617,3,2.0,5,2.0,1.0,29.8,1.0,Urban,0,0,1,2021,47261000
2190,3,2.0,27,2.0,1.0,29.9,4.0,Suburban,1,0,0,1999,33227000
1636,3,3.0,44,1.0,1.0,25.8,3.0,Urban,1,0,0,1982,22233000
1756,3,2.0,25,1.0,2.0,2.4,2.0,Rural,0,1,1,2001,27137000
2564,3,2.0,27,2.0,2.0,28.6,1.0,Urban,0,0,0,1999,32542000
859,2,2.0,39,2.0,0.0,18.6,3.0,,0,0,0,1987,13509000
3794,5,4.0,14,2.0,1.0,24.1,4.0,Rural,0,0,0,2012,48375000
3413,5,4.0,5,1.5,1.0,12.5,3.0,Urban,1,0,1,2021,50245000
1199,2,2.0,26,1.0,0.0,9.9,1.0,Urban,1,0,1,2000,22176000
947,2,2.0,37,1.0,1.0,14.2,3.0,Urban,1,0,1,1989,15106000
3403,4,3.0,3,1.0,0.0,4.8,4.0,Suburban,1,1,1,2023,49022000
2912,6,4.0,10,1.0,3.0,11.0,5.0,Urban,0,1,1,2016,48253000
1174,1,1.0,20,1.0,2.0,25.8,2.0,Suburban,0,0,1,2006,16970000
1507,1,1.0,29,1.0,0.0,1.6,2.0,Rural,1,0,0,1997,21878000
1849,3,2.0,17,1.0,0.0,5.0,5.0,Rural,1,0,1,2009,28507000
3014,4,3.0,34,1.0,2.0,4.2,1.0,Urban,1,1,0,1992,44168000
2961,4,3.0,2,2.0,1.0,12.4,3.0,Urban,1,0,1,2024,40394000
4026,6,4.0,11,1.0,2.0,29.9,3.0,Urban,1,0,0,2015,56399000
1085,1,1.0,26,2.0,3.0,5.6,5.0,,0,0,1,2000,16611000
1756,1,2.0,29,2.0,1.0,4.8,5.0,Urban,0,0,1,1997,25987000
1747,2,,20,2.0,1.0,27.5,4.0,Rural,0,0,1,2006,25331000
1493,3,3.0,37,3.0,2.0,26.5,4.0,Suburban,1,0,1,1989,23374000
4402,6,4.0,20,1.0,3.0,1.5,2.0,Urban,0,0,1,2006,59444000
1935,4,3.0,37,2.0,1.0,22.7,1.0,Suburban,1,0,1,1989,29698000
1071,3,3.0,39,3.0,2.0,19.8,1.0,Urban,1,0,0,1987,19958000
2882,5,3.0,14,2.5,1.0,23.1,5.0,Urban,1,0,1,2012,41104000
1745,3,3.0,17,1.0,1.0,15.1,2.0,Urban,0,0,0,2009,27920000
2584,4,2.0,28,1.0,2.0,29.7,2.0,Urban,1,0,1,1998,36326000
1488,2,1.0,47,1.0,,1.8,4.0,Suburban,1,0,1,1979,22566000
777,1,2.0,37,2.0,2.0,7.4,3.0,Suburban,0,0,1,1989,16112000
1719,2,2.0,20,2.0,2.0,12.2,1.0,,0,0,1,2006,25848000
3463,4,4.0,16,1.0,,13.8,2.0,Rural,1,0,1,2010,47719000
2387,2,2.0,40,2.0,,27.7,4.0,Suburban,0,0,1,1986,31889000
983,3,3.0,50,2.0,1.0,17.0,4.0,Urban,1,0,1,1976,17885000
1765,3,2.0,17,1.5,1.0,1.8,4.0,Urban,1,0,1,2009,27161000
3895,6,4.0,36,2.5,2.0,12.5,3.0,Suburban,0,1,1,1990,58977000
1230,2,2.0,37,2.0,1.0,12.8,2.0,Rural,1,0,1,1989,11993000
2739,3,2.0,11,1.0,2.0,29.0,5.0,Suburban,1,1,1,2015,38967000
1540,1,1.0,10,2.0,2.0,18.2,5.0,Rural,0,1,1,2016,23361000
3071,4,4.0,47,1.0,1.0,19.3,4.0,Suburban,0,0,1,1979,42693000
1417,3,3.0,48,2.0,1.0,21.5,4.0,Suburban,1,1,1,1978,20278000
2948,3,2.0,19,3.0,2.0,23.2,,Suburban,0,0,1,2007,40212000
4477,5,3.0,8,2.5,3.0,19.2,4.0,Suburban,0,0,1,2018,62878000
1385,2,2.0,0,1.5,2.0,7.5,2.0,Urban,0,0,1,2026,21448000
3252,6,4.0,2,1.0,0.0,26.3,4.0,Rural,0,0,1,2024,45678000
521,1,1.0,20,1.0,0.0,22.1,4.0,Urban,1,0,0,2006,10544000
973,1,1.0,22,2.0,1.0,22.4,2.0,Suburban,1,0,1,2004,14015000
3691,6,4.0,8,1.0,1.0,29.9,1.0,Suburban,1,0,1,2018,50757000
2757,6,4.0,18,2.0,2.0,24.2,5.0,Suburban,1,0,0,2008,41241000
2853,3,2.0,44,1.0,2.0,25.0,4.0,Urban,1,0,1,1982,40296000
3841,5,4.0,45,1.0,1.0,28.6,2.0,Suburban,0,0,1,1981,50237000
1203,2,2.0,18,1.0,1.0,5.0,5.0,Suburban,0,1,1,2008,21418000
1186,3,3.0,22,3.0,1.0,15.2,3.0,Suburban,1,0,1,2004,21084000
784,1,1.0,26,2.0,2.0,17.6,1.0,Suburban,1,0,0,2000,11754000
1215,1,,26,1.0,1.0,10.2,4.0,Suburban,1,0,0,2000,20900000
4247,6,4.0,38,1.0,2.0,25.3,1.0,Urban,0,0,1,1988,56706000
1262,2,1.0,35,2.0,1.0,23.0,4.0,Rural,0,0,0,1991,17176000
1750,4,2.0,11,1.0,2.0,21.8,4.0,Rural,1,1,0,2015,28913000
1447,3,1.0,26,2.0,1.0,29.9,4.0,Urban,1,0,1,2000,26425000
2928,5,4.0,45,2.5,1.0,8.2,1.0,Urban,1,0,1,1981,39819000
3007,4,2.0,33,2.0,2.0,22.2,3.0,Urban,0,1,1,1993,44114000
1530,5,4.0,32,2.0,1.0,16.8,2.0,Suburban,1,1,0,1994,26695000
528,1,1.0,27,2.0,1.0,9.7,,Rural,0,0,0,1999,8106000
1406,2,2.0,30,3.0,0.0,5.2,3.0,Suburban,0,0,1,1996,20172000
3604,6,4.0,31,3.0,1.0,26.9,3.0,Rural,0,0,1,1995,50112000
4217,5,4.0,49,2.0,1.0,18.1,4.0,Urban,1,0,1,1977,56974000
3426,4,3.0,19,1.0,2.0,24.8,4.0,Suburban,1,0,1,2007,49802000
2626,4,3.0,39,2.0,2.0,16.6,2.0,Urban,1,0,1,1987,39274000
4499,6,4.0,34,1.0,0.0,7.0,4.0,Urban,0,0,1,1992,61234000
3494,5,4.0,30,2.0,1.0,10.5,4.0,Suburban,0,0,1,1996,47259000
3006,6,4.0,30,2.0,1.0,11.8,3.0,Urban,0,0,1,1996,47536000
1069,1,1.0,37,1.0,1.0,29.2,1.0,Suburban,1,1,1,1989,14025000
2506,4,3.0,21,1.0,1.0,0.7,5.0,Suburban,1,0,1,2005,39212000
4109,6,4.0,44,2.0,2.0,29.6,5.0,Rural,0,0,1,1982,51102000
4053,5,4.0,40,2.5,1.0,29.4,4.0,Urban,1,0,0,1986,57464000
1953,3,2.0,8,2.0,1.0,29.9,4.0,Suburban,1,1,1,2018,27293000
1237,3,3.0,8,2.0,2.0,14.6,5.0,Rural,1,1,0,2018,22894000
3856,6,4.0,14,1.0,,28.9,3.0,Rural,1,0,1,2012,50652000
1015,2,2.0,12,2.0,3.0,12.2,5.0,Suburban,0,0,1,2014,22095000
2500,2,2.0,21,1.5,2.0,1.3,5.0,Suburban,1,1,0,2005,36036000
3670,6,4.0,15,2.0,2.0,7.1,5.0,Suburban,1,1,1,2011,55887000
2944,5,4.0,31,1.0,1.0,28.4,4.0,Suburban,0,0,0,1995,41189000
4060,6,3.0,1,2.0,1.0,0.9,4.0,Suburban,1,0,1,2025,55578000
538,1,1.0,25,1.0,0.0,16.6,5.0,Suburban,1,0,1,2001,12742000
3842,6,4.0,13,1.0,2.0,2.7,4.0,Suburban,0,0,1,2013,54673000
1386,2,2.0,37,3.0,3.0,8.9,5.0,Suburban,1,1,1,1989,27012000
3344,6,4.0,33,1.0,1.0,3.1,3.0,Urban,1,0,1,1993,49061000
2704,4,,7,1.0,,25.9,4.0,Suburban,0,0,0,2019,37622000
1598,3,3.0,35,2.0,2.0,17.9,1.0,Urban,0,0,1,1991,23609000
3431,6,4.0,20,2.5,3.0,27.1,4.0,Urban,1,0,1,2006,50174000
2323,3,3.0,45,1.5,2.0,20.8,3.0,Urban,0,0,1,1981,33679000
3701,5,4.0,42,2.0,,29.1,3.0,Urban,1,0,1,1984,52053000
2210,3,2.0,27,2.5,1.0,15.5,4.0,Rural,0,0,0,1999,29316000
1473,2,1.0,45,1.0,1.0,19.3,2.0,Suburban,0,1,0,1981,21826000
3655,6,4.0,43,1.5,1.0,17.5,5.0,Urban,0,0,1,1983,51667000
3593,4,3.0,47,1.5,1.0,14.8,5.0,Suburban,1,0,0,1979,48918000
4030,5,3.0,5,2.5,0.0,25.5,3.0,Urban,1,0,1,2021,56880000
2062,5,4.0,19,1.0,2.0,19.5,4.0,Suburban,1,0,1,2007,34348000
4278,6,4.0,30,1.0,2.0,24.1,2.0,,0,0,1,1996,54883000
3396,5,3.0,32,2.0,2.0,23.7,1.0,Rural,1,1,0,1994,45840000
3953,5,,43,2.0,1.0,6.1,5.0,Urban,0,0,1,1983,55788000
3295,5,4.0,6,1.5,1.0,19.7,2.0,Suburban,0,0,0,2020,48094000
4011,6,4.0,7,2.0,1.0,6.4,5.0,Rural,0,0,1,2019,58454000
4175,5,3.0,8,1.0,0.0,17.7,4.0,Rural,0,0,1,2018,53811000
1488,3,2.0,1,1.5,1.0,20.5,5.0,Urban,1,0,0,2025,29910000
520,2,1.0,16,2.0,0.0,29.9,1.0,Suburban,0,0,0,2010,12242000
2850,4,3.0,44,2.5,0.0,1.4,4.0,Urban,0,0,0,1982,38324000
1368,3,1.0,36,1.0,2.0,3.2,3.0,Suburban,1,0,1,1990,20730000
583,3,2.0,41,2.5,0.0,2.8,2.0,Urban,0,0,1,1985,13342000
4345,6,4.0,43,2.0,3.0,12.3,5.0,Rural,1,0,1,1983,57355000
2182,4,3.0,16,1.0,1.0,24.7,4.0,Urban,1,0,1,2010,34609000
2476,4,4.0,37,2.0,3.0,25.4,4.0,Suburban,0,0,1,1989,36122000
4024,6,3.0,34,1.0,0.0,22.2,5.0,Suburban,1,0,0,1992,56317000
1910,3,2.0,46,3.0,1.0,27.0,3.0,Rural,1,0,0,1980,26153000
2030,3,3.0,38,2.5,1.0,10.0,5.0,Suburban,0,0,1,1988,26480000
3828,6,4.0,29,1.0,2.0,3.1,3.0,Urban,1,0,0,1997,55455000
1069,1,1.0,5,1.0,1.0,2.2,5.0,Urban,1,0,1,2021,22408000
4463,6,4.0,3,1.5,1.0,25.6,4.0,Urban,1,0,0,2023,62249000
1433,2,2.0,50,1.5,2.0,22.0,1.0,Suburban,1,0,1,1976,19456000
4098,6,4.0,36,1.5,1.0,21.1,1.0,Suburban,0,0,1,1990,53829000
3733,5,4.0,34,1.0,0.0,10.5,4.0,Suburban,0,1,1,1992,50423000
2480,4,2.0,8,2.0,1.0,11.7,1.0,Urban,0,0,1,2018,40579000
3734,6,4.0,5,1.0,2.0,28.8,3.0,Suburban,1,0,1,2021,51387000
2355,4,3.0,12,2.5,1.0,2.4,4.0,Suburban,1,1,1,2014,39505000
3556,5,3.0,21,2.5,1.0,23.3,3.0,Rural,1,0,0,2005,49438000
1292,1,1.0,27,2.0,,9.6,4.0,Suburban,0,0,1,1999,18362000
1291,2,2.0,29,2.5,1.0,1.7,3.0,Urban,0,0,1,1997,19654000
4095,6,4.0,35,1.0,2.0,22.4,3.0,Urban,1,0,1,1991,55743000
2309,4,3.0,1,1.0,1.0,10.3,1.0,Urban,1,0,1,2025,36475000
1794,2,1.0,35,2.0,1.0,21.8,4.0,Suburban,0,0,1,1991,25402000
3039,5,4.0,7,2.0,0.0,21.4,5.0,Suburban,0,1,1,2019,49064000
2755,5,3.0,44,2.0,1.0,16.3,1.0,Urban,0,0,1,1982,36611000
4110,6,4.0,41,2.5,1.0,23.4,3.0,Urban,0,1,1,1985,55628000
2107,4,3.0,49,3.0,1.0,17.6,3.0,Urban,1,0,1,1977,32596000
1583,3,3.0,8,2.0,1.0,9.0,5.0,Rural,1,0,1,2018,23387000
2977,4,4.0,0,2.0,3.0,22.2,5.0,Urban,1,1,1,2026,46173000
1484,3,3.0,12,1.0,0.0,17.9,3.0,Urban,1,0,0,2014,24135000
2180,5,4.0,49,1.0,1.0,0.9,5.0,Urban,0,0,1,1977,33424000
4176,6,4.0,14,2.0,1.0,27.1,2.0,Suburban,0,0,1,2012,55511000
3880,5,4.0,31,1.5,1.0,16.6,1.0,Suburban,1,0,0,1995,47870000
1019,1,1.0,33,1.5,2.0,26.1,,Rural,1,1,1,1993,18580000
1090,1,1.0,42,1.0,1.0,26.5,5.0,Urban,1,0,1,1984,19204000
1550,4,2.0,30,2.0,0.0,13.6,5.0,Suburban,0,0,0,1996,21417000
2209,4,4.0,13,1.0,2.0,15.5,2.0,Urban,0,0,1,2013,35059000
4133,6,4.0,46,2.0,1.0,12.8,4.0,Rural,0,0,1,1980,54090000
2535,3,2.0,13,1.0,0.0,13.8,2.0,Urban,1,0,1,2013,36879000
2746,3,2.0,47,1.0,1.0,26.9,4.0,Urban,1,0,1,1979,37184000
2934,4,2.0,28,1.0,1.0,23.8,1.0,Suburban,1,0,0,1998,35787000
848,1,1.0,46,1.0,2.0,4.2,5.0,Urban,1,0,1,1980,16487000
1459,2,2.0,18,2.5,1.0,18.5,1.0,Urban,1,0,0,2008,21492000
2463,5,4.0,26,1.0,1.0,29.9,4.0,Suburban,1,0,0,2000,31236000
1192,1,1.0,8,1.0,1.0,18.1,5.0,Suburban,0,0,1,2018,19792000
2059,2,2.0,36,2.0,1.0,23.7,2.0,Suburban,1,0,1,1990,24828000
4399,6,4.0,36,2.0,3.0,23.2,3.0,Suburban,1,1,0,1990,62285000
877,1,1.0,42,1.0,0.0,10.8,2.0,Suburban,0,0,1,1984,11386000
3446,5,3.0,27,1.0,3.0,11.5,3.0,Suburban,1,0,1,1999,48114000
3463,5,3.0,23,3.0,1.0,21.9,2.0,Suburban,1,0,0,2003,48264000
4129,6,4.0,27,2.0,2.0,15.2,,Suburban,1,0,1,1999,57498000
1026,2,2.0,35,1.5,1.0,17.3,1.0,Urban,1,0,1,1991,15157000
3724,5,3.0,17,2.0,1.0,21.5,3.0,Urban,1,0,0,2009,53702000
3281,5,3.0,24,1.0,,23.4,4.0,Suburban,1,0,1,2002,45703000
2753,5,,34,1.0,2.0,8.5,1.0,Suburban,0,0,1,1992,36273000
3002,4,3.0,3,2.0,1.0,4.8,1.0,Suburban,1,1,0,2023,44486000
3844,6,4.0,13,2.5,1.0,9.1,5.0,Urban,1,0,1,2013,56292000
4465,6,4.0,38,1.0,1.0,15.5,5.0,Urban,1,1,1,1988,62099000
1759,3,2.0,25,2.5,2.0,10.6,5.0,Urban,1,0,0,2001,29028000
2375,3,2.0,7,1.0,1.0,17.3,3.0,Urban,1,0,1,2019,35245000
2263,5,3.0,23,1.0,2.0,2.1,3.0,Suburban,0,0,0,2003,36643000
1020,4,3.0,15,1.0,2.0,15.5,1.0,Suburban,0,0,1,2011,16841000
2201,3,2.0,19,1.0,2.0,11.4,3.0,Suburban,1,0,0,2007,28123000
1516,1,1.0,14,2.5,1.0,16.3,1.0,Suburban,1,1,1,2012,23072000
3503,5,4.0,6,2.0,1.0,13.0,4.0,Rural,1,0,1,2020,51177000
4402,6,4.0,16,1.0,3.0,8.9,2.0,Rural,1,0,1,2010,56637000
3273,4,4.0,21,3.0,2.0,27.2,1.0,Suburban,1,0,0,2005,45352000
1513,2,2.0,21,2.5,2.0,6.0,1.0,Rural,1,0,1,2005,19728000
3048,5,4.0,11,2.0,1.0,20.6,4.0,Suburban,0,0,0,2015,45574000
616,2,2.0,17,3.0,2.0,27.8,5.0,Rural,1,0,1,2009,13462000
2933,5,3.0,45,1.0,1.0,16.4,5.0,Rural,0,0,0,1981,37608000
1867,4,3.0,46,2.5,1.0,26.4,5.0,Rural,0,0,1,1980,23726000
1083,1,1.0,14,2.0,2.0,4.2,1.0,Suburban,1,1,1,2012,22711000
894,2,2.0,36,2.5,1.0,15.1,1.0,Suburban,0,0,1,1990,18031000
1587,2,1.0,15,2.0,2.0,14.0,3.0,Suburban,0,0,1,2011,22128000
4288,6,4.0,4,1.0,1.0,0.7,3.0,Urban,0,0,1,2022,58516000
3268,6,4.0,1,2.0,1.0,13.6,2.0,Urban,0,0,1,2025,48442000
571,1,1.0,27,1.0,1.0,11.4,2.0,Rural,0,0,1,1999,8069000
4360,6,4.0,40,1.0,1.0,20.3,3.0,Urban,1,0,1,1986,57790000
773,1,1.0,26,1.0,1.0,28.2,1.0,Suburban,1,1,1,2000,13061000
2513,5,4.0,30,3.0,2.0,3.0,4.0,Urban,1,0,1,1996,43066000
1843,3,2.0,40,1.0,2.0,10.2,3.0,Urban,1,0,1,1986,29837000
837,2,1.0,35,2.0,1.0,13.6,1.0,Rural,1,1,1,1991,12787000
1889,3,2.0,46,1.5,1.0,13.9,3.0,Rural,1,0,1,1980,26678000
4066,6,4.0,42,3.0,2.0,23.4,5.0,Suburban,0,0,0,1984,52041000
1106,1,1.0,0,1.0,2.0,13.6,3.0,Urban,0,0,1,2026,19602000
665,1,1.0,49,2.0,2.0,1.3,5.0,Suburban,1,0,1,1977,12033000
2067,3,2.0,28,2.5,2.0,21.4,1.0,Suburban,1,0,1,1998,30832000
2558,6,4.0,0,1.5,1.0,26.6,5.0,Urban,1,0,1,2026,42489000
1824,2,1.0,7,1.5,1.0,15.7,3.0,Urban,1,0,1,2019,28535000
1228,4,3.0,15,2.0,1.0,17.6,5.0,Suburban,0,0,1,2011,23458000
3348,5,4.0,27,2.5,1.0,5.3,4.0,Urban,1,0,1,1999,47993000
2543,4,4.0,21,2.0,2.0,7.0,5.0,Suburban,1,0,0,2005,40551000
601,1,1.0,17,1.0,0.0,7.4,5.0,Urban,1,0,0,2009,13967000
3996,6,4.0,21,2.5,3.0,13.2,2.0,Suburban,1,0,1,2005,55548000
1915,3,2.0,40,1.5,2.0,27.9,4.0,Urban,0,1,1,1986,29045000
1278,3,2.0,11,2.0,2.0,15.9,,Rural,0,0,1,2015,21331000
713,1,1.0,18,2.5,2.0,6.2,5.0,Suburban,0,0,0,2008,16150000
4262,6,4.0,24,1.0,1.0,8.3,4.0,Urban,0,1,0,2002,59293000
1611,3,2.0,49,2.0,2.0,11.8,1.0,Suburban,0,0,1,1977,20557000
2076,4,3.0,4,2.0,1.0,18.9,4.0,Rural,1,1,1,2022,32423000
2948,4,3.0,33,2.5,0.0,13.5,2.0,Suburban,1,0,1,1993,39407000
3135,4,3.0,38,1.0,2.0,12.1,1.0,Suburban,1,1,1,1988,43020000
3436,5,4.0,9,1.5,0.0,17.2,1.0,Urban,1,0,0,2017,50165000
3617,6,4.0,46,2.5,3.0,7.6,5.0,Suburban,0,0,0,1980,49937000
2195,2,1.0,6,1.0,2.0,2.8,3.0,Suburban,0,1,0,2020,33445000
4034,6,4.0,36,1.0,2.0,1.2,1.0,Suburban,1,0,1,1990,53985000
1091,3,2.0,46,3.0,1.0,7.9,1.0,Rural,0,0,1,1980,15655000
1833,2,1.0,14,1.0,2.0,3.2,2.0,Urban,1,0,1,2012,28351000
1609,2,1.0,41,3.0,0.0,10.4,2.0,Urban,1,0,0,1985,25028000
2639,4,3.0,23,1.0,2.0,23.3,2.0,Rural,1,0,1,2003,36385000
4231,6,4.0,25,1.5,1.0,21.6,5.0,Suburban,1,0,1,2001,53638000
3220,5,4.0,25,2.0,2.0,18.5,1.0,Urban,0,1,0,2001,45639000
1213,2,1.0,45,2.0,1.0,25.6,,Urban,1,0,1,1981,20372000
1435,2,1.0,25,2.0,0.0,8.8,2.0,Rural,0,0,0,2001,21462000
2451,3,3.0,9,2.0,1.0,26.6,4.0,Urban,0,0,0,2017,37533000
741,1,1.0,16,2.5,1.0,12.3,4.0,Urban,1,0,1,2010,17421000
2543,1,1.0,13,1.0,2.0,12.3,2.0,Urban,1,0,1,2013,36464000
4436,6,4.0,1,1.5,1.0,12.5,5.0,Rural,1,0,1,2025,63819000
501,1,1.0,47,1.0,1.0,3.4,3.0,Rural,1,0,1,1979,5857000
2772,5,4.0,12,2.0,1.0,29.3,4.0,Suburban,1,1,1,2014,42212000
3348,4,3.0,26,1.0,1.0,4.6,4.0,Suburban,1,0,1,2000,46641000
2268,4,4.0,8,1.0,1.0,10.6,1.0,Urban,1,0,0,2018,34542000
2449,4,2.0,6,2.0,2.0,9.9,1.0,Urban,1,0,0,2020,35509000
3136,4,3.0,47,1.0,1.0,2.7,,Rural,1,0,1,1979,40816000
2663,3,3.0,9,1.0,0.0,5.0,1.0,Urban,1,0,1,2017,34909000
4237,6,3.0,8,2.0,1.0,1.8,1.0,Suburban,1,0,1,2018,59000000
1417,3,2.0,21,1.5,1.0,9.1,3.0,Suburban,0,0,1,2005,21253000
3674,5,3.0,22,2.5,1.0,26.1,5.0,Urban,0,0,1,2004,47620000
2741,5,4.0,6,2.0,1.0,10.5,2.0,Suburban,1,0,1,2020,41059000
3737,5,4.0,47,1.0,2.0,4.1,3.0,Suburban,1,0,1,1979,53138000
3418,4,3.0,8,2.0,0.0,19.5,2.0,Suburban,1,0,1,2018,43398000
589,3,2.0,26,1.0,1.0,29.9,5.0,Urban,1,0,1,2000,13271000
2209,2,2.0,23,2.0,1.0,7.4,2.0,Urban,0,0,1,2003,28441000
2669,4,3.0,28,3.0,2.0,8.7,1.0,Suburban,0,0,0,1998,37655000
642,1,1.0,16,2.0,3.0,29.2,5.0,Rural,1,0,1,2010,14167000
3541,6,4.0,19,2.0,1.0,5.8,3.0,Urban,1,0,1,2007,50024000
605,2,1.0,6,1.0,3.0,15.6,3.0,Rural,1,0,0,2020,11723000
1386,1,1.0,42,1.5,1.0,7.6,4.0,Suburban,0,0,0,1984,18939000
927,1,1.0,39,2.5,0.0,28.0,3.0,Rural,1,0,1,1987,14701000
1828,3,3.0,6,1.0,1.0,29.5,4.0,Urban,1,0,1,2020,26808000
2395,3,2.0,27,1.0,1.0,24.5,1.0,Urban,1,0,1,1999,31833000
2494,4,3.0,18,1.5,1.0,9.8,3.0,Urban,1,0,1,2008,40207000
816,1,2.0,19,2.0,0.0,12.4,5.0,Urban,1,0,1,2007,15037000
2486,3,3.0,43,1.5,1.0,7.6,4.0,Rural,1,0,1,1983,32977000
1134,2,1.0,38,3.0,1.0,26.8,3.0,Urban,1,0,0,1988,18049000
2425,4,4.0,39,1.0,0.0,27.5,1.0,Suburban,0,1,1,1987,37359000
2556,4,4.0,6,1.5,1.0,12.9,5.0,Urban,1,0,1,2020,38232000
3321,5,4.0,5,2.0,2.0,19.9,5.0,Suburban,0,0,1,2021,50106000
3644,5,3.0,24,1.0,1.0,5.4,1.0,Urban,1,1,0,2002,48645000
3930,6,4.0,40,2.0,2.0,13.3,3.0,Urban,1,0,0,1986,52433000
2770,4,3.0,12,1.0,2.0,19.1,2.0,Urban,1,0,0,2014,39031000
1939,2,1.0,38,1.0,1.0,11.9,3.0,Suburban,0,0,1,1988,26690000
1052,1,1.0,39,1.0,1.0,11.0,4.0,Urban,0,0,1,1987,15283000
3941,5,3.0,21,3.0,1.0,0.5,4.0,Urban,0,1,0,2005,56718000
1215,3,2.0,48,2.0,1.0,24.2,3.0,Urban,0,1,1,1978,18482000
1787,3,2.0,16,2.0,1.0,26.7,4.0,Rural,0,0,1,2010,26126000
4411,6,4.0,47,1.0,1.0,29.1,2.0,Suburban,1,0,1,1979,54441000
2213,3,3.0,21,2.0,0.0,21.7,2.0,,1,0,0,2005,28762000
2383,3,2.0,33,2.0,2.0,16.7,5.0,,1,0,1,1993,33469000
3889,6,4.0,7,3.0,1.0,8.4,4.0,Urban,0,0,1,2019,57755000
1607,4,3.0,48,2.0,2.0,30.0,3.0,Suburban,0,0,1,1978,23819000
1841,2,2.0,44,2.0,1.0,17.9,5.0,Urban,0,0,1,1982,25292000
610,2,2.0,17,1.0,2.0,20.6,2.0,Suburban,0,1,1,2009,11111000
750,1,2.0,23,2.0,1.0,20.6,5.0,Suburban,1,0,1,2003,16349000
2930,4,3.0,41,2.0,1.0,25.4,1.0,Suburban,0,0,1,1985,40486000
2554,5,4.0,1,3.0,3.0,0.8,4.0,Urban,1,0,1,2025,43479000
958,1,1.0,1,1.0,2.0,7.0,3.0,Urban,1,1,0,2025,19922000
1607,3,3.0,26,1.0,0.0,20.1,2.0,Suburban,1,1,0,2000,20758000
707,1,1.0,13,1.5,1.0,26.9,5.0,Suburban,1,0,1,2013,14829000
1399,1,1.0,47,1.0,2.0,20.7,3.0,Urban,0,0,1,1979,21976000
3961,6,4.0,38,1.0,2.0,12.7,4.0,Urban,1,1,1,1988,58250000
3885,5,3.0,11,2.5,1.0,11.2,3.0,Rural,0,1,1,2015,55636000
521,1,1.0,31,2.0,1.0,22.3,4.0,Suburban,0,0,1,1995,6838000
909,1,1.0,27,2.5,2.0,22.4,4.0,Rural,0,0,1,1999,12838000
1394,2,2.0,27,2.5,1.0,18.4,4.0,Urban,0,0,1,1999,22152000
1014,2,1.0,45,1.0,2.0,9.1,5.0,Suburban,1,0,1,1981,15371000
3698,5,3.0,24,2.0,0.0,27.8,4.0,Urban,1,1,1,2002,50108000
1308,1,1.0,3,1.0,3.0,16.8,3.0,Suburban,1,0,1,2023,22080000
4271,6,4.0,25,2.5,2.0,23.8,1.0,Urban,1,0,1,2001,59990000
1373,1,1.0,35,1.5,2.0,6.8,3.0,Urban,1,0,0,1991,18170000
513,1,1.0,49,1.5,1.0,10.6,5.0,Urban,1,0,1,1977,12411000
1470,1,1.0,2,1.0,1.0,26.3,4.0,Suburban,1,0,0,2024,22783000
3525,6,4.0,0,2.0,1.0,2.0,1.0,Suburban,1,0,1,2026,53919000
3561,5,3.0,16,1.0,2.0,15.6,5.0,Suburban,1,0,1,2010,51960000
3583,5,4.0,6,1.5,2.0,14.7,2.0,Rural,1,0,1,2020,49907000
2634,5,4.0,47,2.0,1.0,22.7,2.0,Suburban,1,0,1,1979,36627000
4095,6,4.0,4,2.5,2.0,8.8,2.0,Suburban,0,1,1,2022,58770000
3456,5,4.0,18,1.0,2.0,7.0,1.0,Rural,0,0,1,2008,49842000
2060,2,2.0,38,2.0,0.0,27.8,3.0,Suburban,1,0,0,1988,28331000
1824,2,2.0,45,2.5,1.0,17.4,1.0,Urban,1,0,1,1981,24431000
1766,2,2.0,33,1.0,2.0,3.6,1.0,Rural,1,0,1,1993,24862000
2669,4,3.0,34,2.5,1.0,6.2,1.0,Urban,1,0,1,1992,38673000
3718,5,4.0,48,1.0,2.0,30.0,2.0,Suburban,0,0,1,1978,47186000
4138,6,4.0,15,2.0,1.0,6.3,3.0,Urban,1,1,1,2011,58327000
1249,1,2.0,39,2.0,3.0,18.5,1.0,Suburban,1,0,1,1987,20029000
3927,6,4.0,49,2.0,0.0,12.9,3.0,Suburban,1,0,1,1977,51878000
1184,2,2.0,46,2.5,1.0,26.6,4.0,Urban,0,0,1,1980,17726000
2427,3,1.0,38,1.0,0.0,22.8,1.0,Suburban,1,0,1,1988,31772000
4304,6,4.0,26,1.0,1.0,18.1,1.0,Suburban,0,0,1,2000,55630000
4202,6,4.0,40,2.0,1.0,0.8,1.0,Urban,1,1,1,1986,58449000
2856,4,,37,2.5,1.0,26.5,4.0,Urban,1,0,0,1989,39427000
1194,2,2.0,49,1.0,3.0,13.6,4.0,Urban,0,0,1,1977,14246000
2835,6,4.0,49,2.5,3.0,28.0,2.0,Rural,1,0,1,1977,39558000
806,1,1.0,24,1.5,1.0,15.1,5.0,Suburban,1,0,1,2002,15131000
4383,6,4.0,25,1.0,2.0,21.0,3.0,Rural,0,1,1,2001,59596000
4165,6,4.0,13,2.0,1.0,2.5,5.0,Urban,1,0,1,2013,56489000
2489,3,3.0,13,1.0,2.0,22.5,1.0,Urban,0,0,1,2013,32720000
3461,4,2.0,13,2.0,2.0,10.5,1.0,Urban,0,1,1,2013,50762000
4294,6,4.0,24,1.0,0.0,10.9,2.0,Urban,1,0,1,2002,58444000
1161,1,1.0,35,1.5,2.0,4.0,5.0,Suburban,1,0,1,1991,15413000
1048,2,2.0,3,2.0,2.0,4.8,1.0,Rural,1,1,1,2023,19378000
3923,5,3.0,46,2.0,1.0,6.0,5.0,Urban,0,0,1,1980,50599000
811,1,1.0,14,1.5,2.0,10.2,2.0,,1,0,1,2012,12456000
3420,4,2.0,31,1.5,2.0,26.8,5.0,Urban,1,0,1,1995,47710000
1582,4,2.0,17,1.0,1.0,11.4,3.0,Rural,0,0,1,2009,24449000
4214,6,4.0,13,2.0,2.0,21.9,2.0,Urban,1,0,0,2013,60328000
3471,6,4.0,0,3.0,3.0,2.9,5.0,Rural,0,0,1,2026,52823000
2237,5,4.0,41,2.5,1.0,17.9,1.0,Urban,0,0,1,1985,33451000
1254,2,2.0,19,1.0,1.0,14.7,4.0,Rural,1,0,1,2007,18893000
534,1,2.0,9,1.0,1.0,29.3,4.0,Urban,1,0,1,2017,10962000
944,1,1.0,9,3.0,2.0,25.5,2.0,Urban,0,0,1,2017,16717000
2640,3,2.0,23,2.0,2.0,13.9,4.0,Suburban,1,0,1,2003,39511000
2482,3,3.0,33,2.0,0.0,23.4,3.0,Urban,0,0,1,1993,35817000
1730,3,3.0,27,2.0,3.0,6.2,2.0,Suburban,1,0,0,1999,26464000
852,1,2.0,26,1.0,2.0,17.1,1.0,Rural,0,0,1,2000,12001000
1402,3,2.0,39,2.0,2.0,2.7,1.0,Suburban,1,0,1,1987,19697000
1855,3,3.0,0,3.0,0.0,10.8,2.0,Suburban,0,1,0,2026,32117000
4388,6,4.0,32,2.0,1.0,7.2,4.0,Urban,1,1,0,1994,64605000
3409,6,4.0,3,1.0,2.0,21.7,4.0,Suburban,1,0,1,2023,50808000
2248,3,2.0,6,1.0,1.0,15.0,1.0,Suburban,0,0,1,2020,28663000
658,2,2.0,8,1.0,2.0,22.7,3.0,Rural,0,0,1,2018,13748000
2477,3,2.0,15,2.0,2.0,15.7,4.0,Urban,1,0,1,2011,40057000
1456,3,1.0,4,1.0,1.0,3.1,3.0,Suburban,0,0,1,2022,21711000
2571,3,2.0,33,1.0,2.0,22.2,4.0,Urban,1,0,0,1993,37480000
903,1,1.0,22,3.0,1.0,25.1,2.0,Urban,1,0,0,2004,14777000
3352,5,3.0,42,1.0,1.0,27.2,5.0,Urban,1,0,1,1984,48473000
1015,2,1.0,49,1.0,0.0,17.4,1.0,Urban,1,0,1,1977,12026000
3279,6,4.0,24,1.0,1.0,22.7,2.0,Urban,1,0,1,2002,45676000
1887,2,1.0,50,1.0,1.0,22.7,4.0,Urban,1,0,0,1976,22607000
3953,5,3.0,12,1.5,2.0,5.1,1.0,Rural,1,0,0,2014,53351000
3079,3,2.0,23,3.0,2.0,5.3,5.0,Urban,1,0,0,2003,45556000
1455,3,3.0,10,2.5,1.0,2.6,5.0,Rural,0,0,1,2016,25435000
2699,4,4.0,50,2.0,2.0,9.9,,Urban,1,0,1,1976,38065000
4133,5,3.0,16,1.5,0.0,14.5,1.0,Urban,1,0,0,2010,54416000
2212,3,2.0,36,2.0,1.0,29.9,4.0,Suburban,1,0,0,1990,29934000
3494,6,4.0,12,1.0,2.0,13.2,5.0,Suburban,0,0,0,2014,52141000
1107,1,1.0,26,1.0,2.0,21.9,2.0,Suburban,1,0,1,2000,13710000
4188,6,4.0,19,3.0,2.0,21.0,2.0,,1,0,1,2007,57074000
2967,4,3.0,32,1.0,1.0,6.5,3.0,Urban,1,1,1,1994,40338000
1773,2,2.0,41,1.0,2.0,2.2,5.0,Suburban,1,0,1,1985,25684000
3688,6,4.0,31,2.0,2.0,16.6,5.0,Suburban,0,0,1,1995,51919000
3413,6,4.0,7,2.0,3.0,21.2,4.0,Urban,0,0,1,2019,54686000
2035,2,2.0,28,1.0,1.0,29.9,3.0,Rural,1,0,1,1998,25545000
4311,6,4.0,39,1.0,1.0,11.1,3.0,Suburban,1,0,1,1987,59346000
3125,4,3.0,18,1.5,2.0,26.9,1.0,Urban,1,0,1,2008,40138000
2882,5,3.0,5,2.0,3.0,11.8,4.0,Rural,1,0,0,2021,42734000
1941,4,3.0,43,1.0,1.0,20.8,2.0,Rural,1,1,1,1983,27543000
3479,5,3.0,38,1.5,1.0,18.1,1.0,Suburban,0,0,1,1988,46675000
2297,3,2.0,47,2.0,1.0,2.1,3.0,Urban,1,1,1,1979,32748000
794,2,2.0,40,2.5,1.0,2.8,2.0,Rural,0,0,1,1986,11092000
1254,1,1.0,20,1.0,1.0,1.1,5.0,Urban,1,1,1,2006,18777000
1894,4,4.0,21,1.0,0.0,11.4,4.0,Urban,1,1,1,2005,32394000
685,1,1.0,41,2.0,1.0,22.5,3.0,Urban,0,0,1,1985,10139000
1769,2,2.0,9,2.0,1.0,5.6,5.0,Suburban,1,0,1,2017,30357000
1136,1,1.0,9,1.0,1.0,18.4,3.0,Rural,0,0,1,2017,17627000
1791,2,2.0,28,1.5,1.0,9.0,2.0,Suburban,0,0,1,1998,27265000
4214,6,4.0,15,1.0,0.0,24.0,1.0,Rural,0,1,1,2011,54309000
3808,6,4.0,0,1.0,3.0,24.1,2.0,Urban,1,0,1,2026,55226000
1029,1,1.0,16,2.0,1.0,23.4,4.0,Urban,0,0,1,2010,17802000
4123,6,4.0,29,1.0,2.0,16.0,4.0,Suburban,1,0,1,1997,55771000
2568,4,3.0,25,2.5,1.0,8.9,3.0,Rural,1,0,1,2001,38596000
3458,5,3.0,45,2.0,2.0,24.4,2.0,Suburban,0,0,1,1981,46775000
4308,6,4.0,18,2.0,1.0,6.0,1.0,Urban,1,0,1,2008,63017000
3414,5,4.0,20,1.5,1.0,9.0,4.0,Urban,1,0,1,2006,50706000
1293,3,2.0,16,2.0,1.0,5.9,1.0,Urban,1,0,0,2010,25098000
4091,6,4.0,45,1.0,2.0,20.4,5.0,Urban,0,1,1,1981,60352000
2647,5,4.0,39,2.5,1.0,20.7,3.0,Urban,0,0,0,1987,37094000
3299,6,4.0,20,3.0,1.0,19.7,1.0,Rural,1,1,0,2006,43907000
977,1,1.0,40,1.0,0.0,12.8,3.0,Suburban,1,0,1,1986,17095000
2122,3,3.0,39,1.0,2.0,3.5,5.0,Suburban,1,0,1,1987,32864000
3869,6,4.0,44,1.0,1.0,27.4,1.0,Urban,1,0,0,1982,51819000
1439,3,2.0,48,2.0,0.0,15.5,1.0,Urban,1,0,1,1978,19833000
1025,3,2.0,18,2.0,1.0,12.5,5.0,Suburban,0,0,1,2008,19930000
2881,4,3.0,6,2.5,1.0,17.9,2.0,Rural,1,0,1,2020,42237000
501,1,1.0,16,2.0,2.0,6.2,1.0,,1,0,1,2010,11848000
874,1,1.0,0,1.5,0.0,4.4,1.0,Rural,1,0,1,2026,13148000
2840,5,4.0,36,2.0,1.0,12.5,4.0,Rural,0,1,1,1990,43504000
3384,6,4.0,5,2.0,2.0,7.2,2.0,Urban,1,0,1,2021,50667000
3552,5,3.0,25,2.0,2.0,7.7,1.0,Urban,1,0,0,2001,50324000
1052,1,1.0,1,2.0,1.0,26.8,5.0,Suburban,1,0,1,2025,20285000
2865,5,4.0,31,2.0,2.0,16.2,3.0,Suburban,1,1,0,1995,46086000
2025,2,2.0,47,2.0,1.0,14.8,5.0,Urban,1,1,1,1979,31128000
2351,3,3.0,4,2.0,1.0,20.8,2.0,,1,1,0,2022,35326000
880,2,1.0,36,2.0,3.0,28.6,4.0,Suburban,0,0,0,1990,17858000
2146,4,3.0,30,2.0,3.0,3.8,4.0,Rural,0,1,1,1996,35152000
513,1,1.0,11,2.0,1.0,25.1,4.0,Urban,1,0,1,2015,12801000
1003,1,1.0,34,2.0,0.0,17.7,5.0,Urban,1,1,1,1992,18396000
2778,2,2.0,29,2.0,1.0,4.8,3.0,Suburban,1,0,0,1997,33973000
2508,4,3.0,47,1.5,0.0,9.3,3.0,,1,1,1,1979,35426000
3655,5,4.0,5,1.0,0.0,14.7,1.0,Suburban,1,0,1,2021,47647000
629,2,1.0,14,1.0,1.0,20.9,3.0,Rural,0,0,0,2012,6008000
4314,6,4.0,14,2.0,3.0,7.7,3.0,Suburban,1,0,1,2012,59462000
1337,2,1.0,15,2.0,2.0,16.3,1.0,Suburban,1,0,1,2011,18055000
3716,6,,19,3.0,1.0,20.7,5.0,Urban,1,0,0,2007,53333000
3438,6,4.0,12,1.5,1.0,13.7,5.0,Suburban,1,0,1,2014,50985000
4428,6,4.0,43,1.5,0.0,26.0,2.0,Suburban,1,0,1,1983,58158000
2540,5,3.0,41,1.0,1.0,26.1,5.0,Rural,1,0,0,1985,34769000
527,1,2.0,45,1.0,0.0,14.4,4.0,Rural,0,0,1,1981,5643000
2613,4,3.0,30,2.0,2.0,29.2,4.0,Suburban,1,0,1,1996,37067000
3734,6,4.0,33,1.0,0.0,2.7,2.0,Suburban,1,1,1,1993,50091000
1752,3,2.0,28,2.0,2.0,0.6,3.0,Urban,1,0,1,1998,30537000
760,2,1.0,2,2.0,2.0,11.7,2.0,Urban,1,0,1,2024,16058000
2546,4,3.0,8,2.0,1.0,18.2,1.0,Urban,0,0,1,2018,34999000
1972,4,3.0,10,2.5,1.0,19.1,2.0,Urban,0,0,1,2016,29077000
1947,3,1.0,10,1.5,2.0,14.6,2.0,Suburban,0,0,1,2016,28496000
959,1,1.0,24,1.0,2.0,4.2,4.0,Urban,0,0,0,2002,16764000
4247,6,,21,2.5,2.0,5.5,1.0,Suburban,1,0,1,2005,57875000
800,3,2.0,41,2.5,1.0,25.6,1.0,Suburban,0,0,1,1985,14417000
3466,5,4.0,45,1.0,1.0,26.1,2.0,Suburban,1,0,1,1981,43804000
3874,6,4.0,8,1.0,1.0,20.4,1.0,Suburban,0,1,1,2018,55779000
2834,3,2.0,19,1.0,3.0,20.1,1.0,Urban,1,0,1,2007,38987000
3966,6,3.0,20,1.0,2.0,18.1,,Rural,1,0,1,2006,55997000
3581,6,4.0,9,3.0,2.0,6.5,1.0,Urban,0,1,1,2017,51983000
4278,6,4.0,21,2.0,1.0,13.1,3.0,Rural,1,0,1,2005,59088000
1129,1,1.0,28,1.5,2.0,21.0,1.0,Urban,1,0,0,1998,15276000
769,1,1.0,8,2.5,1.0,16.3,4.0,Suburban,0,0,1,2018,17715000
3139,5,4.0,4,2.0,,1.0,5.0,Urban,1,0,1,2022,47980000
2493,5,3.0,39,1.0,1.0,28.6,4.0,Urban,0,0,0,1987,34527000
2128,2,1.0,10,3.0,3.0,25.4,4.0,Suburban,0,1,1,2016,30466000
2301,1,1.0,0,2.5,2.0,8.2,3.0,Suburban,1,0,1,2026,33896000
3391,5,3.0,41,2.5,0.0,18.7,5.0,Urban,0,0,0,1985,46417000
1361,3,3.0,0,2.0,2.0,27.7,2.0,Suburban,1,1,1,2026,22198000
3932,5,3.0,38,2.0,1.0,3.3,1.0,Urban,0,1,1,1988,52084000
1780,4,3.0,45,1.0,1.0,15.3,3.0,Urban,0,0,1,1981,22864000
2680,3,2.0,4,2.0,1.0,14.0,3.0,Rural,1,1,1,2022,36777000
3847,6,4.0,48,3.0,1.0,12.6,2.0,Rural,1,0,0,1978,50292000
2299,4,3.0,21,1.0,1.0,25.1,,Suburban,1,0,1,2005,33875000
2206,2,3.0,25,2.0,1.0,11.7,2.0,Urban,0,0,1,2001,30860000
3519,6,4.0,5,2.0,2.0,2.4,2.0,Urban,1,0,1,2021,53059000
3060,6,4.0,31,1.0,1.0,2.4,2.0,Rural,1,0,1,1995,40836000
2860,5,4.0,47,2.0,2.0,1.8,3.0,Urban,1,0,1,1979,42368000
1075,1,1.0,10,1.0,1.0,12.6,2.0,Rural,1,0,1,2016,16007000
3433,6,4.0,9,2.0,2.0,21.7,3.0,Urban,1,0,0,2017,49952000
2503,4,3.0,46,1.0,2.0,6.5,5.0,Rural,0,0,1,1980,34566000
1807,1,1.0,38,3.0,2.0,19.6,2.0,Urban,0,1,0,1988,24660000
3692,6,4.0,33,1.0,1.0,20.8,3.0,Urban,0,0,1,1993,47950000
3678,5,4.0,30,1.0,2.0,8.0,3.0,Suburban,1,0,1,1996,48806000
2456,4,3.0,11,1.0,0.0,18.2,3.0,Rural,0,1,1,2015,32914000
3234,6,4.0,50,3.0,2.0,20.7,1.0,Rural,1,0,1,1976,42649000
2520,3,2.0,43,2.0,0.0,14.3,1.0,Suburban,0,0,1,1983,33455000
3775,4,3.0,15,2.0,0.0,10.4,2.0,Suburban,1,0,1,2011,53515000
2712,6,4.0,37,2.0,1.0,18.8,5.0,,0,0,1,1989,39022000
2852,5,3.0,2,2.0,2.0,29.3,2.0,Suburban,1,0,1,2024,41350000
4068,6,4.0,1,1.0,0.0,13.1,4.0,Rural,0,1,1,2025,60561000
2155,4,3.0,4,2.0,3.0,12.1,4.0,Suburban,1,0,1,2022,34233000
2079,3,3.0,10,1.0,3.0,14.2,,Suburban,1,0,0,2016,31641000
2347,4,3.0,24,3.0,2.0,2.7,5.0,Suburban,1,0,1,2002,36504000
2703,4,1.0,34,2.0,1.0,16.8,5.0,Suburban,0,0,1,1992,36634000
1890,3,2.0,34,1.5,2.0,10.2,1.0,Rural,0,0,1,1992,24075000
2242,4,3.0,21,1.0,1.0,4.1,1.0,Urban,1,0,1,2005,30795000
2425,3,3.0,36,2.0,1.0,14.3,4.0,Urban,0,0,1,1990,37591000
1119,1,1.0,21,1.0,2.0,0.6,5.0,Suburban,0,1,1,2005,21013000
1774,3,2.0,10,1.0,3.0,12.4,3.0,Urban,1,0,0,2016,31603000
1456,4,4.0,31,1.0,3.0,3.6,4.0,Suburban,0,1,1,1995,27930000
2439,3,2.0,34,2.0,1.0,1.2,5.0,Rural,0,0,1,1992,33893000
4453,6,,30,2.0,1.0,24.8,3.0,Suburban,1,0,1,1996,56537000
2881,5,3.0,44,1.0,1.0,27.5,5.0,Rural,1,0,1,1982,37228000
4213,5,4.0,7,1.0,1.0,6.6,2.0,Urban,0,0,1,2019,57385000
1468,3,3.0,19,2.0,1.0,16.4,3.0,Rural,1,0,1,2007,21229000
3058,5,4.0,41,2.0,1.0,8.7,2.0,Suburban,1,0,1,1985,39030000
1816,3,2.0,33,1.0,2.0,15.1,1.0,Urban,1,1,1,1993,25941000
1543,2,1.0,3,1.0,2.0,13.4,4.0,Suburban,0,0,0,2023,23932000
781,2,,17,3.0,2.0,8.4,5.0,Rural,1,1,1,2009,20275000
3344,5,4.0,50,3.0,2.0,21.2,4.0,Urban,1,1,1,1976,46940000
3572,4,3.0,3,3.0,0.0,4.2,5.0,Suburban,1,0,1,2023,52709000
2666,4,3.0,19,2.5,0.0,2.1,2.0,Rural,0,0,0,2007,34926000
1558,2,2.0,8,1.0,2.0,23.1,3.0,Urban,0,1,1,2018,25464000
697,1,1.0,15,1.0,1.0,20.1,3.0,Suburban,1,0,1,2011,12549000
3032,6,4.0,25,1.0,1.0,15.2,5.0,Suburban,0,1,1,2001,48214000
4328,6,4.0,37,1.0,0.0,14.3,2.0,Urban,1,0,1,1989,52832000
1582,1,1.0,24,3.0,1.0,15.2,5.0,Suburban,1,0,0,2002,22469000
3384,6,4.0,3,2.0,2.0,13.4,5.0,Urban,1,0,1,2023,52247000
1684,4,3.0,40,2.0,2.0,12.1,5.0,Suburban,1,0,1,1986,27924000
1508,1,1.0,44,1.0,2.0,15.2,3.0,Urban,0,0,1,1982,18709000
3238,5,3.0,40,2.5,1.0,16.1,5.0,Urban,1,0,1,1986,46093000
1729,3,2.0,37,2.5,1.0,20.9,3.0,Suburban,1,0,0,1989,25026000
1535,1,2.0,18,1.0,2.0,21.5,1.0,Urban,1,0,1,2008,25224000
989,2,1.0,13,2.5,1.0,11.6,2.0,Urban,1,1,0,2013,19367000
775,2,1.0,20,1.0,1.0,12.7,1.0,Rural,1,0,1,2006,11886000
3240,6,4.0,14,1.0,2.0,11.5,5.0,Rural,1,1,1,2012,47196000
2789,4,3.0,2,2.0,2.0,16.3,3.0,Rural,0,0,1,2024,40994000
1739,5,3.0,36,2.0,2.0,13.9,2.0,Suburban,1,0,1,1990,26694000
1774,1,2.0,49,1.0,1.0,26.7,4.0,Rural,1,0,1,1977,21250000
4382,6,4.0,45,1.0,1.0,21.0,2.0,Rural,0,0,1,1981,53734000
625,1,1.0,15,3.0,2.0,27.0,2.0,Suburban,1,0,0,2011,11338000
716,1,1.0,13,2.0,0.0,21.4,5.0,Urban,0,0,1,2013,15568000
3877,5,4.0,8,2.0,2.0,29.1,1.0,Urban,1,1,1,2018,54042000
4368,6,4.0,46,1.0,1.0,19.3,1.0,Suburban,0,0,1,1980,55905000
1708,3,3.0,6,1.0,2.0,28.9,4.0,Rural,0,1,1,2020,26269000
3610,5,4.0,13,1.0,2.0,5.2,5.0,Suburban,1,0,0,2013,52278000
1746,2,2.0,5,1.0,1.0,2.0,2.0,Suburban,1,1,1,2021,28139000
3755,6,4.0,20,1.0,1.0,17.6,1.0,Urban,1,0,1,2006,50524000
3042,5,3.0,14,1.0,2.0,29.5,1.0,Urban,0,0,1,2012,43923000
2974,3,3.0,7,2.0,2.0,12.8,3.0,,1,0,1,2019,40014000
3749,6,4.0,33,1.0,1.0,6.8,2.0,Rural,0,1,0,1993,52691000
1418,2,2.0,39,2.5,2.0,15.9,5.0,Urban,0,0,0,1987,23154000
3999,6,4.0,0,1.0,,19.6,1.0,Rural,0,0,0,2026,54615000
1817,4,4.0,31,2.0,1.0,9.8,5.0,Urban,0,0,0,1995,26663000
4423,6,4.0,48,1.0,0.0,21.6,2.0,Suburban,1,0,0,1978,56491000
2698,3,2.0,50,2.0,3.0,29.3,2.0,Suburban,1,1,1,1976,39069000
2931,4,3.0,4,1.0,1.0,27.0,1.0,Rural,0,0,1,2022,38900000
2161,3,3.0,29,3.0,1.0,9.1,4.0,Urban,1,0,1,1997,33497000
4384,6,4.0,21,2.0,2.0,10.1,5.0,Urban,0,0,0,2005,59432000
807,1,1.0,19,2.0,1.0,11.5,5.0,Urban,1,1,1,2007,14793000
1859,3,2.0,15,1.0,1.0,12.1,,Rural,1,1,1,2011,28699000
2469,4,3.0,6,2.0,1.0,3.5,2.0,Urban,0,0,1,2020,36245000
3293,5,4.0,6,2.0,2.0,23.0,2.0,Urban,1,0,1,2020,46968000
1391,4,4.0,49,1.0,1.0,11.3,1.0,Suburban,0,0,1,1977,20572000
874,3,2.0,49,2.0,2.0,26.5,1.0,Suburban,1,0,0,1977,14464000
3579,6,4.0,1,2.5,2.0,27.8,1.0,Rural,0,0,1,2025,50434000
2533,4,3.0,46,2.0,2.0,1.2,3.0,Rural,1,0,0,1980,34935000
1864,1,2.0,13,2.5,2.0,29.7,4.0,Suburban,1,0,1,2013,29236000
628,1,2.0,30,2.5,1.0,21.4,1.0,Rural,0,0,1,1996,11188000
1514,2,2.0,49,3.0,1.0,15.9,1.0,Suburban,0,0,1,1977,20029000
2299,3,,40,1.5,2.0,12.0,1.0,Urban,1,0,1,1986,35201000
3216,4,3.0,13,2.0,2.0,15.8,3.0,Rural,0,0,0,2013,41856000
3923,6,4.0,4,2.0,1.0,10.1,5.0,Suburban,0,0,1,2022,53721000
1881,3,2.0,10,2.0,1.0,18.9,4.0,Suburban,1,0,1,2016,31771000
1016,2,1.0,39,3.0,1.0,3.2,5.0,Suburban,1,0,1,1987,16550000
2018,2,1.0,4,1.0,1.0,18.8,2.0,Suburban,0,1,1,2022,24721000
585,2,2.0,28,1.5,0.0,8.6,2.0,Urban,0,0,1,1998,11144000
1698,2,1.0,10,1.0,1.0,1.0,1.0,Suburban,1,1,0,2016,28144000
4373,6,4.0,4,1.0,1.0,16.8,5.0,Rural,0,0,0,2022,59150000
3764,4,3.0,48,1.0,1.0,17.6,3.0,Suburban,1,0,1,1978,45339000
2858,4,3.0,31,2.0,1.0,13.1,4.0,Urban,1,0,1,1995,40686000
1642,2,1.0,35,1.0,2.0,2.6,5.0,Rural,1,0,1,1991,23532000
3789,6,4.0,14,2.0,2.0,26.9,5.0,Urban,0,0,1,2012,54028000
2974,6,4.0,18,2.0,3.0,18.5,4.0,Urban,0,0,0,2008,43664000
2493,3,2.0,21,1.0,1.0,3.9,5.0,Urban,0,1,1,2005,36665000
3985,5,4.0,33,1.0,0.0,15.6,5.0,Urban,1,0,0,1993,55825000
2661,4,3.0,16,2.0,3.0,15.2,4.0,,1,0,1,2010,38754000
3716,5,3.0,11,2.0,2.0,2.3,3.0,Suburban,0,0,0,2015,52251000
4109,6,4.0,24,2.5,1.0,18.4,4.0,Rural,1,0,1,2002,56280000
4219,6,4.0,16,2.5,0.0,24.3,1.0,Rural,1,0,1,2010,54596000
802,1,1.0,9,3.0,0.0,22.6,1.0,Rural,0,0,0,2017,10522000
3291,6,4.0,27,2.0,1.0,6.5,1.0,Suburban,0,0,0,1999,45640000
4452,6,4.0,17,2.5,0.0,25.9,1.0,Suburban,0,0,1,2009,55818000
1087,3,2.0,50,2.5,2.0,10.6,2.0,Rural,1,0,0,1976,19612000
1486,2,2.0,17,2.5,1.0,28.4,3.0,Suburban,1,0,1,2009,21840000
2363,6,4.0,44,1.0,2.0,2.6,2.0,Suburban,1,0,1,1982,34274000
844,3,2.0,31,3.0,2.0,14.8,5.0,Suburban,0,0,1,1995,18196000
1313,2,2.0,13,2.0,2.0,18.1,5.0,Urban,0,0,1,2013,22819000
2487,3,3.0,15,2.0,2.0,7.8,4.0,Suburban,1,0,1,2011,36448000
3348,4,4.0,49,1.0,3.0,23.3,1.0,Suburban,1,1,1,1977,42366000
3572,6,4.0,17,1.5,1.0,19.0,4.0,Suburban,1,1,1,2009,52266000
3718,6,4.0,15,1.0,3.0,1.0,5.0,Urban,1,0,0,2011,54078000
1810,4,3.0,16,1.0,2.0,18.4,1.0,Suburban,1,0,1,2010,31363000
2499,6,4.0,6,1.0,0.0,15.0,3.0,Rural,0,0,1,2020,36624000
2177,3,3.0,11,2.5,2.0,6.3,5.0,Rural,1,0,1,2015,29602000
3624,4,3.0,33,1.0,2.0,29.9,4.0,Urban,1,0,0,1993,50531000
1827,3,3.0,9,1.0,2.0,27.0,4.0,Urban,0,1,1,2017,28515000
1592,3,1.0,4,1.0,1.0,9.1,5.0,Suburban,1,0,0,2022,26410000
2908,4,3.0,20,2.0,1.0,16.5,2.0,Suburban,0,0,1,2006,42678000
4173,6,,2,1.0,0.0,9.8,3.0,Urban,1,0,1,2024,58453000
3791,6,4.0,18,1.0,1.0,23.4,5.0,Urban,1,1,1,2008,55065000
1509,1,2.0,44,2.0,0.0,27.9,5.0,Rural,1,0,1,1982,21750000
1203,2,2.0,43,2.0,1.0,11.1,4.0,Suburban,1,1,0,1983,22391000
1074,1,1.0,34,1.0,2.0,24.3,1.0,Suburban,1,0,1,1992,14530000
2108,3,2.0,5,1.0,1.0,15.2,1.0,Suburban,1,0,1,2021,34149000
3732,6,4.0,13,1.0,1.0,12.2,1.0,Suburban,0,1,1,2013,49230000
4252,6,4.0,3,3.0,1.0,28.2,4.0,Urban,1,1,1,2023,60244000
1612,2,2.0,44,1.5,0.0,15.6,1.0,Suburban,0,0,1,1982,19946000
1187,1,1.0,50,2.0,1.0,14.3,5.0,Urban,1,1,0,1976,21109000
3328,6,4.0,17,1.0,0.0,20.3,2.0,Suburban,0,0,1,2009,46433000
3132,5,3.0,28,2.0,1.0,8.2,2.0,Urban,0,0,1,1998,42774000
4328,6,4.0,34,1.0,0.0,10.1,2.0,Suburban,0,0,1,1992,54761000
3136,5,4.0,37,1.0,0.0,28.0,1.0,Suburban,1,0,0,1989,38426000
3730,6,4.0,15,2.0,1.0,20.5,2.0,Urban,0,0,1,2011,53252000
988,1,1.0,19,1.5,1.0,24.9,1.0,Urban,0,0,0,2007,14061000
3518,5,4.0,23,1.0,0.0,8.5,5.0,Urban,0,0,1,2003,51790000
1847,4,3.0,34,2.0,1.0,16.5,5.0,Suburban,0,0,1,1992,25888000
4181,6,4.0,43,3.0,2.0,29.2,4.0,Urban,0,0,1,1983,57676000
3952,5,3.0,50,1.5,2.0,9.9,4.0,Urban,1,0,1,1976,53326000
3673,5,3.0,18,2.0,0.0,5.2,3.0,Suburban,0,0,0,2008,49041000
993,1,2.0,3,3.0,1.0,15.6,5.0,Suburban,1,0,0,2023,18084000
2167,5,4.0,32,2.5,2.0,11.9,1.0,Urban,0,0,1,1994,33130000
2137,4,3.0,1,2.0,0.0,5.2,3.0,Suburban,1,0,1,2025,33665000
518,1,1.0,12,2.0,2.0,26.7,5.0,Rural,1,0,1,2014,9611000
4025,6,4.0,44,1.0,,29.7,1.0,Rural,0,0,1,1982,51849000
4053,6,4.0,29,2.0,2.0,17.3,5.0,Urban,1,1,1,1997,60870000
4165,5,3.0,33,1.0,2.0,23.4,5.0,Rural,0,0,0,1993,53795000
2944,4,3.0,29,1.0,2.0,25.8,1.0,Suburban,0,0,1,1997,40012000
1500,2,1.0,50,1.5,2.0,21.2,5.0,Rural,1,0,1,1976,20259000
3850,6,4.0,23,1.0,2.0,1.8,5.0,Suburban,1,0,1,2003,59422000
1350,2,2.0,47,2.0,2.0,5.2,5.0,Suburban,1,0,1,1979,21426000
1888,4,2.0,43,2.0,2.0,2.6,4.0,Suburban,0,1,0,1983,30548000
1854,3,2.0,32,2.0,1.0,0.8,2.0,Suburban,0,0,0,1994,28646000
4212,6,4.0,40,1.0,1.0,9.5,5.0,Suburban,0,0,1,1986,55757000
1867,3,2.0,48,1.0,2.0,12.1,1.0,Urban,1,0,1,1978,27287000
1321,2,2.0,9,2.0,0.0,7.6,5.0,Urban,1,0,1,2017,25272000
954,2,1.0,17,3.0,2.0,2.4,4.0,Suburban,0,1,1,2009,20047000
2124,3,3.0,18,1.0,3.0,16.1,4.0,Rural,1,0,1,2008,32765000
3272,5,4.0,6,1.0,2.0,8.6,,Suburban,0,0,0,2020,46804000
4226,6,4.0,18,2.5,3.0,24.0,3.0,Suburban,1,0,1,2008,62574000
3636,5,4.0,23,1.0,2.0,0.7,2.0,Suburban,0,0,1,2003,45755000
3647,6,4.0,14,2.5,0.0,25.4,1.0,Urban,1,0,1,2012,49503000
1210,2,2.0,40,2.0,2.0,28.7,1.0,Urban,1,0,1,1986,15616000
2690,4,4.0,41,1.5,1.0,21.6,1.0,Suburban,1,0,0,1985,38994000
1416,2,1.0,22,1.0,1.0,22.1,1.0,Rural,0,0,1,2004,18264000
4486,6,4.0,3,1.0,1.0,28.0,4.0,Urban,1,0,1,2023,60869000
3375,6,4.0,37,1.0,1.0,6.7,2.0,Suburban,0,1,1,1989,46231000
3152,5,3.0,3,2.5,1.0,29.8,5.0,Urban,1,0,1,2023,44402000
1996,2,1.0,4,2.0,1.0,23.3,5.0,Urban,1,0,0,2022,31905000
1940,2,2.0,40,2.0,2.0,21.9,3.0,Urban,0,0,1,1986,28585000
804,2,2.0,43,2.0,2.0,11.2,5.0,Suburban,1,0,0,1983,15428000
1235,3,3.0,22,1.0,1.0,16.6,2.0,Urban,1,0,1,2004,19677000
4068,6,4.0,39,2.0,1.0,19.8,5.0,Urban,0,0,1,1987,58808000
2838,5,3.0,36,2.0,2.0,18.8,4.0,Suburban,0,0,1,1990,41528000
2463,4,4.0,10,2.0,2.0,21.3,5.0,Rural,1,0,1,2016,34126000
2649,4,4.0,10,1.0,2.0,2.9,1.0,Urban,1,0,0,2016,39034000
2509,3,2.0,12,2.0,0.0,11.0,1.0,Suburban,0,0,0,2014,32086000
3838,5,4.0,13,2.5,2.0,13.3,1.0,Urban,0,0,1,2013,56078000
3414,6,4.0,7,1.5,1.0,8.2,1.0,Rural,0,0,1,2019,46495000
3515,5,4.0,24,1.0,2.0,5.6,4.0,Suburban,1,1,1,2002,48558000
4193,6,4.0,17,2.0,0.0,4.6,4.0,Rural,0,0,1,2009,56809000
3521,5,4.0,50,1.0,1.0,11.3,4.0,Urban,1,0,1,1976,51145000
3389,5,3.0,43,2.0,1.0,15.1,5.0,Suburban,0,0,1,1983,47840000
1461,1,1.0,43,3.0,1.0,2.4,,Suburban,0,0,0,1983,18395000
3489,5,3.0,17,2.0,1.0,28.4,3.0,Urban,0,0,0,2009,47892000
4348,6,4.0,9,2.0,2.0,23.1,3.0,Urban,1,0,1,2017,62823000
1526,1,1.0,6,2.0,2.0,22.1,1.0,Suburban,0,0,1,2020,24495000
2632,6,4.0,49,1.0,1.0,5.6,2.0,Suburban,1,0,0,1977,34195000
4365,6,4.0,43,1.0,1.0,18.3,5.0,Urban,0,1,0,1983,60090000
2875,5,4.0,13,2.5,1.0,16.1,3.0,Suburban,1,0,1,2013,41889000
3363,5,4.0,14,2.0,3.0,29.5,4.0,Urban,0,0,0,2012,47689000
1973,3,2.0,15,1.0,1.0,22.6,2.0,Urban,1,0,1,2011,31638000
3001,3,2.0,1,1.0,1.0,17.5,4.0,Suburban,1,0,0,2025,39765000
2447,4,3.0,29,2.0,1.0,25.6,2.0,Urban,0,0,0,1997,35808000
3176,4,3.0,29,2.0,2.0,5.1,2.0,Suburban,0,0,1,1997,39357000
3792,4,4.0,17,2.5,1.0,0.9,5.0,Urban,1,0,1,2009,53322000
1677,3,2.0,30,1.0,0.0,20.9,4.0,Suburban,0,0,1,1996,24306000
1164,1,1.0,43,3.0,2.0,3.4,4.0,Suburban,1,1,1,1983,17263000
511,2,1.0,47,2.0,2.0,3.9,3.0,Rural,0,1,0,1979,13828000
1656,3,2.0,12,2.0,2.0,22.5,1.0,Urban,1,0,1,2014,24750000
803,3,2.0,19,2.0,0.0,8.5,1.0,Suburban,1,1,0,2007,14386000
3864,5,4.0,48,1.0,1.0,19.0,3.0,Urban,0,1,1,1978,51023000
3522,6,4.0,49,3.0,3.0,27.6,2.0,Suburban,1,1,1,1977,50232000
3871,4,3.0,34,1.0,2.0,9.8,3.0,Suburban,1,0,1,1992,53079000
2263,3,2.0,22,1.0,1.0,6.9,3.0,Urban,0,0,0,2004,31785000
3330,5,3.0,41,2.5,1.0,3.6,4.0,Suburban,1,0,1,1985,46983000
542,1,2.0,32,2.0,1.0,4.3,3.0,Urban,1,0,1,1994,12710000
1443,2,1.0,37,2.5,1.0,2.3,2.0,Urban,0,0,1,1989,18957000
2890,5,3.0,34,2.0,2.0,3.1,1.0,Urban,1,0,1,1992,41101000
1849,1,1.0,50,1.5,3.0,13.2,5.0,Suburban,1,0,1,1976,24485000
4385,6,4.0,35,3.0,1.0,10.0,3.0,Suburban,0,1,0,1991,57176000
3045,5,4.0,19,1.0,0.0,21.3,3.0,Urban,1,0,1,2007,44063000
2911,6,4.0,2,2.5,2.0,26.2,4.0,Suburban,0,0,1,2024,46134000
1390,2,,7,1.0,0.0,23.7,4.0,Urban,1,0,1,2019,23107000
2974,4,3.0,39,2.5,3.0,16.2,3.0,Urban,0,1,1,1987,38363000
1504,3,2.0,31,1.0,2.0,3.5,3.0,Suburban,1,1,1,1995,23996000
520,1,1.0,28,2.0,3.0,21.4,2.0,Suburban,1,0,1,1998,8599000
906,1,1.0,6,2.5,1.0,11.2,1.0,Urban,1,0,1,2020,19649000
3166,4,3.0,1,2.0,0.0,3.0,,Urban,0,0,1,2025,44394000
1514,2,2.0,20,2.0,1.0,25.4,5.0,Rural,0,0,1,2006,19563000
835,1,1.0,5,2.5,1.0,10.5,1.0,Urban,1,0,1,2021,15648000
2338,5,3.0,27,2.0,1.0,6.9,5.0,Urban,0,0,1,1999,37630000
3688,5,4.0,47,3.0,3.0,26.2,4.0,Suburban,0,0,1,1979,50171000
1647,3,2.0,41,1.5,2.0,27.1,5.0,Suburban,1,0,1,1985,23256000
2946,5,4.0,35,1.0,2.0,10.5,5.0,Suburban,1,1,1,1991,43181000
3340,6,4.0,31,1.0,1.0,11.0,1.0,Rural,0,0,0,1995,45573000
2327,2,2.0,44,1.0,2.0,17.6,,Urban,0,0,1,1982,31421000
1214,2,2.0,41,1.0,2.0,22.1,4.0,Suburban,1,0,1,1985,22242000
550,2,1.0,45,2.0,1.0,2.4,2.0,Urban,1,0,1,1981,11144000
4354,6,4.0,8,1.0,3.0,18.0,5.0,Suburban,1,0,0,2018,58551000
823,1,1.0,10,1.0,1.0,28.6,5.0,Rural,0,0,1,2016,13218000
1288,1,1.0,22,1.0,1.0,8.2,5.0,Suburban,1,0,0,2004,19189000
640,1,1.0,49,2.5,0.0,27.3,3.0,Suburban,1,0,1,1977,6707000
969,1,1.0,10,2.0,2.0,28.5,2.0,Rural,0,1,0,2016,15696000
1286,2,2.0,48,1.5,2.0,8.4,1.0,Urban,1,1,1,1978,19498000
2325,5,4.0,1,2.5,1.0,22.7,4.0,Suburban,1,0,0,2025,37265000
1857,2,2.0,2,1.0,1.0,7.5,3.0,Rural,1,0,1,2024,30822000
2416,3,1.0,10,3.0,0.0,22.3,2.0,Suburban,1,1,1,2016,34848000
1463,3,2.0,49,2.0,1.0,24.0,4.0,Urban,1,0,1,1977,24159000
3555,5,4.0,34,1.0,1.0,7.8,1.0,Urban,1,0,0,1992,47857000
872,1,1.0,14,2.0,1.0,21.6,4.0,Urban,1,0,0,2012,16824000
4135,6,4.0,42,2.0,1.0,24.5,5.0,Urban,0,0,1,1984,56626000
3041,5,3.0,10,1.5,2.0,11.1,5.0,,1,0,1,2016,45853000
4110,6,4.0,30,2.5,1.0,5.4,3.0,Urban,1,0,1,1996,57235000
2192,2,1.0,27,1.0,2.0,3.2,4.0,Urban,1,0,0,1999,34385000
3298,6,4.0,27,1.0,0.0,17.5,5.0,Suburban,1,0,1,1999,48187000
1679,2,2.0,31,1.0,1.0,29.4,3.0,Suburban,0,0,1,1995,23224000
2838,3,3.0,24,1.0,1.0,24.8,3.0,Suburban,1,1,1,2002,41426000
2171,2,2.0,19,1.0,1.0,13.4,3.0,Suburban,1,0,1,2007,30915000
3715,6,4.0,27,2.5,0.0,16.3,1.0,Urban,1,0,1,1999,53309000
605,1,1.0,24,1.0,2.0,8.7,5.0,Urban,0,0,1,2002,11012000
1943,4,3.0,10,1.5,3.0,5.3,5.0,Urban,0,0,1,2016,36893000
3217,3,1.0,18,2.0,0.0,14.7,2.0,Suburban,0,0,1,2008,42334000
2181,6,4.0,27,2.5,1.0,14.2,1.0,Urban,1,0,1,1999,32048000
501,2,1.0,0,3.0,3.0,15.9,5.0,Suburban,1,0,0,2026,15844000
3136,5,4.0,4,2.0,0.0,28.6,5.0,Urban,1,0,1,2022,49176000
3191,5,4.0,9,3.0,2.0,18.3,2.0,Rural,0,0,1,2017,43098000
2637,5,3.0,41,2.0,3.0,18.4,4.0,Suburban,0,0,1,1985,36978000
3916,6,4.0,45,3.0,3.0,4.3,4.0,Suburban,1,0,1,1981,56667000
849,1,2.0,33,2.0,1.0,29.9,1.0,Suburban,1,0,0,1993,13274000
4030,6,4.0,35,1.0,1.0,23.3,3.0,Suburban,1,0,1,1991,53204000
1786,3,2.0,1,1.5,1.0,26.4,2.0,Suburban,0,1,1,2025,27582000
3922,4,3.0,17,2.0,2.0,12.7,2.0,Rural,1,0,1,2009,49741000
3679,5,4.0,12,1.5,2.0,15.3,5.0,Suburban,0,1,0,2014,51552000
4157,5,3.0,50,1.0,2.0,15.9,5.0,Rural,1,0,1,1976,50979000
1562,3,3.0,4,2.0,2.0,6.2,2.0,Urban,1,0,1,2022,26577000
